ISO-10303-21;
HEADER;
FILE_DESCRIPTION(('FreeCAD Model'),'2;1');
FILE_NAME('Open CASCADE Shape Model','2026-05-31T16:47:13',(''),(''),
  'Open CASCADE STEP processor 7.8','FreeCAD','Unknown');
FILE_SCHEMA(('AUTOMOTIVE_DESIGN { 1 0 10303 214 1 1 1 1 }'));
ENDSEC;
DATA;
#1 = APPLICATION_PROTOCOL_DEFINITION('international standard',
  'automotive_design',2000,#2);
#2 = APPLICATION_CONTEXT(
  'core data for automotive mechanical design processes');
#3 = SHAPE_DEFINITION_REPRESENTATION(#4,#10);
#4 = PRODUCT_DEFINITION_SHAPE('','',#5);
#5 = PRODUCT_DEFINITION('design','',#6,#9);
#6 = PRODUCT_DEFINITION_FORMATION('','',#7);
#7 = PRODUCT('Front','Front','',(#8));
#8 = PRODUCT_CONTEXT('',#2,'mechanical');
#9 = PRODUCT_DEFINITION_CONTEXT('part definition',#2,'design');
#10 = ADVANCED_BREP_SHAPE_REPRESENTATION('',(#11,#15),#5718);
#11 = AXIS2_PLACEMENT_3D('',#12,#13,#14);
#12 = CARTESIAN_POINT('',(0.,0.,0.));
#13 = DIRECTION('',(0.,0.,1.));
#14 = DIRECTION('',(1.,0.,-0.));
#15 = MANIFOLD_SOLID_BREP('',#16);
#16 = CLOSED_SHELL('',(#17,#59,#122,#154,#206,#294,#318,#351,#375,#427,
    #1163,#1180,#1685,#1702,#1719,#1731,#1748,#1781,#1833,#1850,#1874,
    #1986,#2003,#2020,#2378,#2395,#2407,#2424,#2455,#2495,#2520,#2537,
    #2554,#2566,#2590,#2615,#2639,#2656,#2681,#2698,#2715,#2727,#2759,
    #2783,#2807,#2832,#2857,#2881,#2905,#2923,#2955,#2979,#3004,#3028,
    #3053,#3077,#3102,#3119,#3144,#3176,#3200,#3224,#3249,#3274,#3298,
    #3322,#3340,#3365,#3396,#3421,#3446,#3493,#3548,#3573,#3598,#3622,
    #3646,#3671,#3696,#3720,#3744,#3769,#3794,#3818,#3842,#3860,#3885,
    #3910,#3935,#3952,#3977,#4009,#4033,#4057,#4082,#4107,#4131,#4155,
    #4173,#4198,#4228,#4240,#4264,#4287,#4304,#4329,#4353,#4370,#4393,
    #4410,#4427,#4450,#4475,#4492,#4516,#4541,#4564,#4588,#4605,#4628,
    #4653,#4670,#4694,#4719,#4742,#4766,#4783,#4806,#4831,#4848,#4872,
    #4897,#4920,#4944,#4961,#4984,#5009,#5026,#5050,#5068,#5093,#5110,
    #5135,#5160,#5185,#5207,#5224,#5241,#5258,#5275,#5292,#5309,#5321,
    #5346,#5358,#5372,#5384,#5407,#5419,#5431,#5443,#5455,#5467,#5479,
    #5491,#5503,#5519,#5535,#5547,#5574,#5586,#5602,#5618,#5628,#5644,
    #5653,#5669,#5681,#5701));
#17 = ADVANCED_FACE('',(#18),#54,.T.);
#18 = FACE_BOUND('',#19,.T.);
#19 = EDGE_LOOP('',(#20,#30,#39,#47));
#20 = ORIENTED_EDGE('',*,*,#21,.T.);
#21 = EDGE_CURVE('',#22,#24,#26,.T.);
#22 = VERTEX_POINT('',#23);
#23 = CARTESIAN_POINT('',(151.7,-65.325,1.51));
#24 = VERTEX_POINT('',#25);
#25 = CARTESIAN_POINT('',(151.7,-65.325,18.51));
#26 = LINE('',#27,#28);
#27 = CARTESIAN_POINT('',(151.7,-65.325,1.51));
#28 = VECTOR('',#29,1.);
#29 = DIRECTION('',(0.,0.,1.));
#30 = ORIENTED_EDGE('',*,*,#31,.T.);
#31 = EDGE_CURVE('',#24,#32,#34,.T.);
#32 = VERTEX_POINT('',#33);
#33 = CARTESIAN_POINT('',(155.7,-69.325,18.51));
#34 = CIRCLE('',#35,4.00000042591);
#35 = AXIS2_PLACEMENT_3D('',#36,#37,#38);
#36 = CARTESIAN_POINT('',(151.69999957409,-69.32500042591,18.51));
#37 = DIRECTION('',(0.,0.,-1.));
#38 = DIRECTION('',(1.0647752478E-07,1.,0.));
#39 = ORIENTED_EDGE('',*,*,#40,.F.);
#40 = EDGE_CURVE('',#41,#32,#43,.T.);
#41 = VERTEX_POINT('',#42);
#42 = CARTESIAN_POINT('',(155.7,-69.325,1.51));
#43 = LINE('',#44,#45);
#44 = CARTESIAN_POINT('',(155.7,-69.325,1.51));
#45 = VECTOR('',#46,1.);
#46 = DIRECTION('',(0.,0.,1.));
#47 = ORIENTED_EDGE('',*,*,#48,.F.);
#48 = EDGE_CURVE('',#22,#41,#49,.T.);
#49 = CIRCLE('',#50,4.00000042591);
#50 = AXIS2_PLACEMENT_3D('',#51,#52,#53);
#51 = CARTESIAN_POINT('',(151.69999957409,-69.32500042591,1.51));
#52 = DIRECTION('',(0.,0.,-1.));
#53 = DIRECTION('',(1.0647752478E-07,1.,0.));
#54 = CYLINDRICAL_SURFACE('',#55,4.00000042591);
#55 = AXIS2_PLACEMENT_3D('',#56,#57,#58);
#56 = CARTESIAN_POINT('',(151.69999957409,-69.32500042591,1.51));
#57 = DIRECTION('',(0.,0.,-1.));
#58 = DIRECTION('',(1.0647752478E-07,1.,0.));
#59 = ADVANCED_FACE('',(#60),#117,.T.);
#60 = FACE_BOUND('',#61,.T.);
#61 = EDGE_LOOP('',(#62,#63,#71,#79,#87,#95,#103,#111));
#62 = ORIENTED_EDGE('',*,*,#21,.F.);
#63 = ORIENTED_EDGE('',*,*,#64,.F.);
#64 = EDGE_CURVE('',#65,#22,#67,.T.);
#65 = VERTEX_POINT('',#66);
#66 = CARTESIAN_POINT('',(148.2,-65.325,1.51));
#67 = LINE('',#68,#69);
#68 = CARTESIAN_POINT('',(39.7,-65.325,1.51));
#69 = VECTOR('',#70,1.);
#70 = DIRECTION('',(1.,0.,0.));
#71 = ORIENTED_EDGE('',*,*,#72,.T.);
#72 = EDGE_CURVE('',#65,#73,#75,.T.);
#73 = VERTEX_POINT('',#74);
#74 = CARTESIAN_POINT('',(148.2,-65.325,5.095));
#75 = LINE('',#76,#77);
#76 = CARTESIAN_POINT('',(148.2,-65.325,1.51));
#77 = VECTOR('',#78,1.);
#78 = DIRECTION('',(0.,0.,1.));
#79 = ORIENTED_EDGE('',*,*,#80,.T.);
#80 = EDGE_CURVE('',#73,#81,#83,.T.);
#81 = VERTEX_POINT('',#82);
#82 = CARTESIAN_POINT('',(43.2,-65.325,5.095));
#83 = LINE('',#84,#85);
#84 = CARTESIAN_POINT('',(112.9125,-65.325,5.095));
#85 = VECTOR('',#86,1.);
#86 = DIRECTION('',(-1.,0.,0.));
#87 = ORIENTED_EDGE('',*,*,#88,.F.);
#88 = EDGE_CURVE('',#89,#81,#91,.T.);
#89 = VERTEX_POINT('',#90);
#90 = CARTESIAN_POINT('',(43.2,-65.325,1.51));
#91 = LINE('',#92,#93);
#92 = CARTESIAN_POINT('',(43.2,-65.325,1.51));
#93 = VECTOR('',#94,1.);
#94 = DIRECTION('',(0.,0.,1.));
#95 = ORIENTED_EDGE('',*,*,#96,.F.);
#96 = EDGE_CURVE('',#97,#89,#99,.T.);
#97 = VERTEX_POINT('',#98);
#98 = CARTESIAN_POINT('',(39.7,-65.325,1.51));
#99 = LINE('',#100,#101);
#100 = CARTESIAN_POINT('',(39.7,-65.325,1.51));
#101 = VECTOR('',#102,1.);
#102 = DIRECTION('',(1.,0.,0.));
#103 = ORIENTED_EDGE('',*,*,#104,.T.);
#104 = EDGE_CURVE('',#97,#105,#107,.T.);
#105 = VERTEX_POINT('',#106);
#106 = CARTESIAN_POINT('',(39.7,-65.325,18.51));
#107 = LINE('',#108,#109);
#108 = CARTESIAN_POINT('',(39.7,-65.325,1.51));
#109 = VECTOR('',#110,1.);
#110 = DIRECTION('',(0.,0.,1.));
#111 = ORIENTED_EDGE('',*,*,#112,.T.);
#112 = EDGE_CURVE('',#105,#24,#113,.T.);
#113 = LINE('',#114,#115);
#114 = CARTESIAN_POINT('',(39.7,-65.325,18.51));
#115 = VECTOR('',#116,1.);
#116 = DIRECTION('',(1.,0.,0.));
#117 = PLANE('',#118);
#118 = AXIS2_PLACEMENT_3D('',#119,#120,#121);
#119 = CARTESIAN_POINT('',(39.7,-65.325,1.51));
#120 = DIRECTION('',(0.,1.,0.));
#121 = DIRECTION('',(1.,0.,0.));
#122 = ADVANCED_FACE('',(#123),#149,.T.);
#123 = FACE_BOUND('',#124,.T.);
#124 = EDGE_LOOP('',(#125,#133,#142,#148));
#125 = ORIENTED_EDGE('',*,*,#126,.F.);
#126 = EDGE_CURVE('',#127,#24,#129,.T.);
#127 = VERTEX_POINT('',#128);
#128 = CARTESIAN_POINT('',(151.7,-66.325,19.51));
#129 = LINE('',#130,#131);
#130 = CARTESIAN_POINT('',(151.7,-65.825,19.01));
#131 = VECTOR('',#132,1.);
#132 = DIRECTION('',(0.,0.707106781187,-0.707106781187));
#133 = ORIENTED_EDGE('',*,*,#134,.T.);
#134 = EDGE_CURVE('',#127,#135,#137,.T.);
#135 = VERTEX_POINT('',#136);
#136 = CARTESIAN_POINT('',(154.7,-69.32500010647,19.51));
#137 = CIRCLE('',#138,3.00000042591);
#138 = AXIS2_PLACEMENT_3D('',#139,#140,#141);
#139 = CARTESIAN_POINT('',(151.69999957409,-69.32500042591,19.51));
#140 = DIRECTION('',(0.,0.,-1.));
#141 = DIRECTION('',(1.0647752478E-07,1.,0.));
#142 = ORIENTED_EDGE('',*,*,#143,.T.);
#143 = EDGE_CURVE('',#135,#32,#144,.T.);
#144 = LINE('',#145,#146);
#145 = CARTESIAN_POINT('',(155.7,-69.325,18.51));
#146 = VECTOR('',#147,1.);
#147 = DIRECTION('',(0.707106781187,7.529095507E-08,-0.707106781187));
#148 = ORIENTED_EDGE('',*,*,#31,.F.);
#149 = CONICAL_SURFACE('',#150,4.00000042591,0.785398163397);
#150 = AXIS2_PLACEMENT_3D('',#151,#152,#153);
#151 = CARTESIAN_POINT('',(151.69999957409,-69.32500042591,18.51));
#152 = DIRECTION('',(-0.,-0.,-1.));
#153 = DIRECTION('',(1.0647752478E-07,1.,-0.));
#154 = ADVANCED_FACE('',(#155,#190),#201,.F.);
#155 = FACE_BOUND('',#156,.F.);
#156 = EDGE_LOOP('',(#157,#158,#159,#167,#176,#184));
#157 = ORIENTED_EDGE('',*,*,#48,.F.);
#158 = ORIENTED_EDGE('',*,*,#64,.F.);
#159 = ORIENTED_EDGE('',*,*,#160,.T.);
#160 = EDGE_CURVE('',#65,#161,#163,.T.);
#161 = VERTEX_POINT('',#162);
#162 = CARTESIAN_POINT('',(148.2,-70.66598166462,1.51));
#163 = LINE('',#164,#165);
#164 = CARTESIAN_POINT('',(148.2,-65.325,1.51));
#165 = VECTOR('',#166,1.);
#166 = DIRECTION('',(5.32E-15,-1.,0.));
#167 = ORIENTED_EDGE('',*,*,#168,.F.);
#168 = EDGE_CURVE('',#169,#161,#171,.T.);
#169 = VERTEX_POINT('',#170);
#170 = CARTESIAN_POINT('',(150.35901833537,-72.825,1.51));
#171 = CIRCLE('',#172,2.507807546441);
#172 = AXIS2_PLACEMENT_3D('',#173,#174,#175);
#173 = CARTESIAN_POINT('',(150.68635290523,-70.33864709476,1.51));
#174 = DIRECTION('',(0.,0.,-1.));
#175 = DIRECTION('',(1.,0.,0.));
#176 = ORIENTED_EDGE('',*,*,#177,.F.);
#177 = EDGE_CURVE('',#178,#169,#180,.T.);
#178 = VERTEX_POINT('',#179);
#179 = CARTESIAN_POINT('',(155.7,-72.825,1.51));
#180 = LINE('',#181,#182);
#181 = CARTESIAN_POINT('',(155.7,-72.825,1.51));
#182 = VECTOR('',#183,1.);
#183 = DIRECTION('',(-1.,0.,0.));
#184 = ORIENTED_EDGE('',*,*,#185,.F.);
#185 = EDGE_CURVE('',#41,#178,#186,.T.);
#186 = LINE('',#187,#188);
#187 = CARTESIAN_POINT('',(155.7,-69.325,1.51));
#188 = VECTOR('',#189,1.);
#189 = DIRECTION('',(0.,-1.,0.));
#190 = FACE_BOUND('',#191,.F.);
#191 = EDGE_LOOP('',(#192));
#192 = ORIENTED_EDGE('',*,*,#193,.F.);
#193 = EDGE_CURVE('',#194,#194,#196,.T.);
#194 = VERTEX_POINT('',#195);
#195 = CARTESIAN_POINT('',(153.44,-69.23,1.51));
#196 = CIRCLE('',#197,1.6);
#197 = AXIS2_PLACEMENT_3D('',#198,#199,#200);
#198 = CARTESIAN_POINT('',(151.84,-69.23,1.51));
#199 = DIRECTION('',(0.,0.,1.));
#200 = DIRECTION('',(1.,0.,0.));
#201 = PLANE('',#202);
#202 = AXIS2_PLACEMENT_3D('',#203,#204,#205);
#203 = CARTESIAN_POINT('',(95.706343072936,-93.82062546694,1.51));
#204 = DIRECTION('',(0.,0.,1.));
#205 = DIRECTION('',(1.,0.,0.));
#206 = ADVANCED_FACE('',(#207),#289,.T.);
#207 = FACE_BOUND('',#208,.T.);
#208 = EDGE_LOOP('',(#209,#219,#227,#235,#243,#251,#259,#267,#275,#281,
    #282,#283));
#209 = ORIENTED_EDGE('',*,*,#210,.F.);
#210 = EDGE_CURVE('',#211,#213,#215,.T.);
#211 = VERTEX_POINT('',#212);
#212 = CARTESIAN_POINT('',(155.7,-118.3249999999,1.51));
#213 = VERTEX_POINT('',#214);
#214 = CARTESIAN_POINT('',(155.7,-118.3249999999,18.51));
#215 = LINE('',#216,#217);
#216 = CARTESIAN_POINT('',(155.7,-118.3249999999,1.51));
#217 = VECTOR('',#218,1.);
#218 = DIRECTION('',(0.,0.,1.));
#219 = ORIENTED_EDGE('',*,*,#220,.F.);
#220 = EDGE_CURVE('',#221,#211,#223,.T.);
#221 = VERTEX_POINT('',#222);
#222 = CARTESIAN_POINT('',(155.7,-114.825,1.51));
#223 = LINE('',#224,#225);
#224 = CARTESIAN_POINT('',(155.7,-69.325,1.51));
#225 = VECTOR('',#226,1.);
#226 = DIRECTION('',(0.,-1.,0.));
#227 = ORIENTED_EDGE('',*,*,#228,.T.);
#228 = EDGE_CURVE('',#221,#229,#231,.T.);
#229 = VERTEX_POINT('',#230);
#230 = CARTESIAN_POINT('',(155.7,-114.825,5.095));
#231 = LINE('',#232,#233);
#232 = CARTESIAN_POINT('',(155.7,-114.825,1.51));
#233 = VECTOR('',#234,1.);
#234 = DIRECTION('',(0.,0.,1.));
#235 = ORIENTED_EDGE('',*,*,#236,.T.);
#236 = EDGE_CURVE('',#229,#237,#239,.T.);
#237 = VERTEX_POINT('',#238);
#238 = CARTESIAN_POINT('',(155.7,-105.103987034,5.095));
#239 = LINE('',#240,#241);
#240 = CARTESIAN_POINT('',(155.7,-102.3375,5.095));
#241 = VECTOR('',#242,1.);
#242 = DIRECTION('',(6.8E-16,1.,0.));
#243 = ORIENTED_EDGE('',*,*,#244,.T.);
#244 = EDGE_CURVE('',#237,#245,#247,.T.);
#245 = VERTEX_POINT('',#246);
#246 = CARTESIAN_POINT('',(155.7,-105.103987034,16.095));
#247 = LINE('',#248,#249);
#248 = CARTESIAN_POINT('',(155.7,-105.103987034,5.095));
#249 = VECTOR('',#250,1.);
#250 = DIRECTION('',(0.,0.,1.));
#251 = ORIENTED_EDGE('',*,*,#252,.F.);
#252 = EDGE_CURVE('',#253,#245,#255,.T.);
#253 = VERTEX_POINT('',#254);
#254 = CARTESIAN_POINT('',(155.7,-75.24398703403,16.095));
#255 = LINE('',#256,#257);
#256 = CARTESIAN_POINT('',(155.7,-75.24398703403,16.095));
#257 = VECTOR('',#258,1.);
#258 = DIRECTION('',(-8.57E-15,-1.,0.));
#259 = ORIENTED_EDGE('',*,*,#260,.F.);
#260 = EDGE_CURVE('',#261,#253,#263,.T.);
#261 = VERTEX_POINT('',#262);
#262 = CARTESIAN_POINT('',(155.7,-75.24398703403,5.095));
#263 = LINE('',#264,#265);
#264 = CARTESIAN_POINT('',(155.7,-75.24398703403,5.095));
#265 = VECTOR('',#266,1.);
#266 = DIRECTION('',(0.,0.,1.));
#267 = ORIENTED_EDGE('',*,*,#268,.T.);
#268 = EDGE_CURVE('',#261,#269,#271,.T.);
#269 = VERTEX_POINT('',#270);
#270 = CARTESIAN_POINT('',(155.7,-72.825,5.095));
#271 = LINE('',#272,#273);
#272 = CARTESIAN_POINT('',(155.7,-102.3375,5.095));
#273 = VECTOR('',#274,1.);
#274 = DIRECTION('',(6.8E-16,1.,0.));
#275 = ORIENTED_EDGE('',*,*,#276,.F.);
#276 = EDGE_CURVE('',#178,#269,#277,.T.);
#277 = LINE('',#278,#279);
#278 = CARTESIAN_POINT('',(155.7,-72.825,1.51));
#279 = VECTOR('',#280,1.);
#280 = DIRECTION('',(0.,0.,1.));
#281 = ORIENTED_EDGE('',*,*,#185,.F.);
#282 = ORIENTED_EDGE('',*,*,#40,.T.);
#283 = ORIENTED_EDGE('',*,*,#284,.T.);
#284 = EDGE_CURVE('',#32,#213,#285,.T.);
#285 = LINE('',#286,#287);
#286 = CARTESIAN_POINT('',(155.7,-69.325,18.51));
#287 = VECTOR('',#288,1.);
#288 = DIRECTION('',(0.,-1.,0.));
#289 = PLANE('',#290);
#290 = AXIS2_PLACEMENT_3D('',#291,#292,#293);
#291 = CARTESIAN_POINT('',(155.7,-69.325,1.51));
#292 = DIRECTION('',(1.,0.,0.));
#293 = DIRECTION('',(0.,-1.,0.));
#294 = ADVANCED_FACE('',(#295),#313,.T.);
#295 = FACE_BOUND('',#296,.T.);
#296 = EDGE_LOOP('',(#297,#305,#311,#312));
#297 = ORIENTED_EDGE('',*,*,#298,.F.);
#298 = EDGE_CURVE('',#299,#105,#301,.T.);
#299 = VERTEX_POINT('',#300);
#300 = CARTESIAN_POINT('',(39.700000106477,-66.325,19.51));
#301 = LINE('',#302,#303);
#302 = CARTESIAN_POINT('',(39.7,-65.325,18.51));
#303 = VECTOR('',#304,1.);
#304 = DIRECTION('',(-7.529095366E-08,0.707106781187,-0.707106781187));
#305 = ORIENTED_EDGE('',*,*,#306,.T.);
#306 = EDGE_CURVE('',#299,#127,#307,.T.);
#307 = LINE('',#308,#309);
#308 = CARTESIAN_POINT('',(39.7,-66.325,19.51));
#309 = VECTOR('',#310,1.);
#310 = DIRECTION('',(1.,0.,0.));
#311 = ORIENTED_EDGE('',*,*,#126,.T.);
#312 = ORIENTED_EDGE('',*,*,#112,.F.);
#313 = PLANE('',#314);
#314 = AXIS2_PLACEMENT_3D('',#315,#316,#317);
#315 = CARTESIAN_POINT('',(39.7,-65.825,19.01));
#316 = DIRECTION('',(0.,0.707106781187,0.707106781187));
#317 = DIRECTION('',(1.,0.,-0.));
#318 = ADVANCED_FACE('',(#319),#346,.T.);
#319 = FACE_BOUND('',#320,.T.);
#320 = EDGE_LOOP('',(#321,#331,#338,#339));
#321 = ORIENTED_EDGE('',*,*,#322,.T.);
#322 = EDGE_CURVE('',#323,#325,#327,.T.);
#323 = VERTEX_POINT('',#324);
#324 = CARTESIAN_POINT('',(35.7,-69.325,1.51));
#325 = VERTEX_POINT('',#326);
#326 = CARTESIAN_POINT('',(35.7,-69.325,18.51));
#327 = LINE('',#328,#329);
#328 = CARTESIAN_POINT('',(35.7,-69.325,1.51));
#329 = VECTOR('',#330,1.);
#330 = DIRECTION('',(0.,0.,1.));
#331 = ORIENTED_EDGE('',*,*,#332,.T.);
#332 = EDGE_CURVE('',#325,#105,#333,.T.);
#333 = CIRCLE('',#334,4.00000042591);
#334 = AXIS2_PLACEMENT_3D('',#335,#336,#337);
#335 = CARTESIAN_POINT('',(39.70000042591,-69.32500042591,18.51));
#336 = DIRECTION('',(0.,0.,-1.));
#337 = DIRECTION('',(-1.,1.0647753189E-07,0.));
#338 = ORIENTED_EDGE('',*,*,#104,.F.);
#339 = ORIENTED_EDGE('',*,*,#340,.F.);
#340 = EDGE_CURVE('',#323,#97,#341,.T.);
#341 = CIRCLE('',#342,4.00000042591);
#342 = AXIS2_PLACEMENT_3D('',#343,#344,#345);
#343 = CARTESIAN_POINT('',(39.70000042591,-69.32500042591,1.51));
#344 = DIRECTION('',(0.,0.,-1.));
#345 = DIRECTION('',(-1.,1.0647753189E-07,0.));
#346 = CYLINDRICAL_SURFACE('',#347,4.00000042591);
#347 = AXIS2_PLACEMENT_3D('',#348,#349,#350);
#348 = CARTESIAN_POINT('',(39.70000042591,-69.32500042591,1.51));
#349 = DIRECTION('',(0.,0.,-1.));
#350 = DIRECTION('',(-1.,1.0647753189E-07,0.));
#351 = ADVANCED_FACE('',(#352),#370,.F.);
#352 = FACE_BOUND('',#353,.F.);
#353 = EDGE_LOOP('',(#354,#355,#356,#364));
#354 = ORIENTED_EDGE('',*,*,#160,.F.);
#355 = ORIENTED_EDGE('',*,*,#72,.T.);
#356 = ORIENTED_EDGE('',*,*,#357,.T.);
#357 = EDGE_CURVE('',#73,#358,#360,.T.);
#358 = VERTEX_POINT('',#359);
#359 = CARTESIAN_POINT('',(148.2,-70.66598166462,5.095));
#360 = LINE('',#361,#362);
#361 = CARTESIAN_POINT('',(148.2,-77.5875,5.095));
#362 = VECTOR('',#363,1.);
#363 = DIRECTION('',(5.32E-15,-1.,0.));
#364 = ORIENTED_EDGE('',*,*,#365,.F.);
#365 = EDGE_CURVE('',#161,#358,#366,.T.);
#366 = LINE('',#367,#368);
#367 = CARTESIAN_POINT('',(148.2,-70.66598166462,1.51));
#368 = VECTOR('',#369,1.);
#369 = DIRECTION('',(0.,0.,1.));
#370 = PLANE('',#371);
#371 = AXIS2_PLACEMENT_3D('',#372,#373,#374);
#372 = CARTESIAN_POINT('',(148.2,-65.325,1.51));
#373 = DIRECTION('',(1.,5.32E-15,0.));
#374 = DIRECTION('',(5.32E-15,-1.,0.));
#375 = ADVANCED_FACE('',(#376,#411),#422,.F.);
#376 = FACE_BOUND('',#377,.F.);
#377 = EDGE_LOOP('',(#378,#386,#387,#388,#396,#404));
#378 = ORIENTED_EDGE('',*,*,#379,.F.);
#379 = EDGE_CURVE('',#89,#380,#382,.T.);
#380 = VERTEX_POINT('',#381);
#381 = CARTESIAN_POINT('',(43.2,-70.63718297509,1.51));
#382 = LINE('',#383,#384);
#383 = CARTESIAN_POINT('',(43.2,-65.325,1.51));
#384 = VECTOR('',#385,1.);
#385 = DIRECTION('',(0.,-1.,0.));
#386 = ORIENTED_EDGE('',*,*,#96,.F.);
#387 = ORIENTED_EDGE('',*,*,#340,.F.);
#388 = ORIENTED_EDGE('',*,*,#389,.F.);
#389 = EDGE_CURVE('',#390,#323,#392,.T.);
#390 = VERTEX_POINT('',#391);
#391 = CARTESIAN_POINT('',(35.7,-72.825,1.51));
#392 = LINE('',#393,#394);
#393 = CARTESIAN_POINT('',(35.7,-118.325,1.51));
#394 = VECTOR('',#395,1.);
#395 = DIRECTION('',(0.,1.,0.));
#396 = ORIENTED_EDGE('',*,*,#397,.T.);
#397 = EDGE_CURVE('',#390,#398,#400,.T.);
#398 = VERTEX_POINT('',#399);
#399 = CARTESIAN_POINT('',(41.01218297509,-72.825,1.51));
#400 = LINE('',#401,#402);
#401 = CARTESIAN_POINT('',(35.7,-72.825,1.51));
#402 = VECTOR('',#403,1.);
#403 = DIRECTION('',(1.,0.,0.));
#404 = ORIENTED_EDGE('',*,*,#405,.F.);
#405 = EDGE_CURVE('',#380,#398,#406,.T.);
#406 = CIRCLE('',#407,2.541258661588);
#407 = AXIS2_PLACEMENT_3D('',#408,#409,#410);
#408 = CARTESIAN_POINT('',(40.680482158547,-70.30548215854,1.51));
#409 = DIRECTION('',(0.,0.,-1.));
#410 = DIRECTION('',(1.,0.,0.));
#411 = FACE_BOUND('',#412,.F.);
#412 = EDGE_LOOP('',(#413));
#413 = ORIENTED_EDGE('',*,*,#414,.F.);
#414 = EDGE_CURVE('',#415,#415,#417,.T.);
#415 = VERTEX_POINT('',#416);
#416 = CARTESIAN_POINT('',(41.24,-69.09,1.51));
#417 = CIRCLE('',#418,1.6);
#418 = AXIS2_PLACEMENT_3D('',#419,#420,#421);
#419 = CARTESIAN_POINT('',(39.64,-69.09,1.51));
#420 = DIRECTION('',(0.,0.,1.));
#421 = DIRECTION('',(1.,0.,0.));
#422 = PLANE('',#423);
#423 = AXIS2_PLACEMENT_3D('',#424,#425,#426);
#424 = CARTESIAN_POINT('',(95.706343072936,-93.82062546694,1.51));
#425 = DIRECTION('',(0.,0.,1.));
#426 = DIRECTION('',(1.,0.,0.));
#427 = ADVANCED_FACE('',(#428,#628,#698,#768,#779,#849,#860,#1066,#1077,
    #1147),#1158,.F.);
#428 = FACE_BOUND('',#429,.F.);
#429 = EDGE_LOOP('',(#430,#440,#448,#456,#465,#471,#472,#480,#489,#497,
    #506,#512,#513,#521,#528,#529,#530,#538,#547,#555,#563,#571,#580,
    #588,#597,#605,#613,#621));
#430 = ORIENTED_EDGE('',*,*,#431,.F.);
#431 = EDGE_CURVE('',#432,#434,#436,.T.);
#432 = VERTEX_POINT('',#433);
#433 = CARTESIAN_POINT('',(43.2,-122.325,5.095));
#434 = VERTEX_POINT('',#435);
#435 = CARTESIAN_POINT('',(43.199999999988,-116.8581079475,5.095));
#436 = LINE('',#437,#438);
#437 = CARTESIAN_POINT('',(43.199999999965,-106.0875,5.095));
#438 = VECTOR('',#439,1.);
#439 = DIRECTION('',(-2.17313E-12,1.,0.));
#440 = ORIENTED_EDGE('',*,*,#441,.T.);
#441 = EDGE_CURVE('',#432,#442,#444,.T.);
#442 = VERTEX_POINT('',#443);
#443 = CARTESIAN_POINT('',(148.2,-122.325,5.095));
#444 = LINE('',#445,#446);
#445 = CARTESIAN_POINT('',(60.4125,-122.325,5.095));
#446 = VECTOR('',#447,1.);
#447 = DIRECTION('',(1.,-1.4E-16,0.));
#448 = ORIENTED_EDGE('',*,*,#449,.T.);
#449 = EDGE_CURVE('',#442,#450,#452,.T.);
#450 = VERTEX_POINT('',#451);
#451 = CARTESIAN_POINT('',(148.2,-117.0099344274,5.095));
#452 = LINE('',#453,#454);
#453 = CARTESIAN_POINT('',(148.2,-106.0875,5.095));
#454 = VECTOR('',#455,1.);
#455 = DIRECTION('',(5.35E-15,1.,0.));
#456 = ORIENTED_EDGE('',*,*,#457,.T.);
#457 = EDGE_CURVE('',#450,#458,#460,.T.);
#458 = VERTEX_POINT('',#459);
#459 = CARTESIAN_POINT('',(150.38493442741,-114.825,5.095));
#460 = CIRCLE('',#461,2.537910380734);
#461 = AXIS2_PLACEMENT_3D('',#462,#463,#464);
#462 = CARTESIAN_POINT('',(150.7161982056,-117.3411982056,5.095));
#463 = DIRECTION('',(0.,0.,-1.));
#464 = DIRECTION('',(1.,0.,0.));
#465 = ORIENTED_EDGE('',*,*,#466,.F.);
#466 = EDGE_CURVE('',#229,#458,#467,.T.);
#467 = LINE('',#468,#469);
#468 = CARTESIAN_POINT('',(116.6625,-114.825,5.095));
#469 = VECTOR('',#470,1.);
#470 = DIRECTION('',(-1.,-2.67E-15,0.));
#471 = ORIENTED_EDGE('',*,*,#236,.T.);
#472 = ORIENTED_EDGE('',*,*,#473,.T.);
#473 = EDGE_CURVE('',#237,#474,#476,.T.);
#474 = VERTEX_POINT('',#475);
#475 = CARTESIAN_POINT('',(129.09960937243,-105.103987034,5.095));
#476 = LINE('',#477,#478);
#477 = CARTESIAN_POINT('',(155.7,-105.103987034,5.095));
#478 = VECTOR('',#479,1.);
#479 = DIRECTION('',(-1.,0.,0.));
#480 = ORIENTED_EDGE('',*,*,#481,.T.);
#481 = EDGE_CURVE('',#474,#482,#484,.T.);
#482 = VERTEX_POINT('',#483);
#483 = CARTESIAN_POINT('',(127.09960937243,-103.103987034,5.095));
#484 = CIRCLE('',#485,2.);
#485 = AXIS2_PLACEMENT_3D('',#486,#487,#488);
#486 = CARTESIAN_POINT('',(129.09960937243,-103.103987034,5.095));
#487 = DIRECTION('',(0.,0.,-1.));
#488 = DIRECTION('',(1.,0.,0.));
#489 = ORIENTED_EDGE('',*,*,#490,.T.);
#490 = EDGE_CURVE('',#482,#491,#493,.T.);
#491 = VERTEX_POINT('',#492);
#492 = CARTESIAN_POINT('',(127.09960937243,-77.24398703403,5.095));
#493 = LINE('',#494,#495);
#494 = CARTESIAN_POINT('',(127.09960937243,-103.103987034,5.095));
#495 = VECTOR('',#496,1.);
#496 = DIRECTION('',(0.,1.,0.));
#497 = ORIENTED_EDGE('',*,*,#498,.T.);
#498 = EDGE_CURVE('',#491,#499,#501,.T.);
#499 = VERTEX_POINT('',#500);
#500 = CARTESIAN_POINT('',(129.09960937243,-75.24398703403,5.095));
#501 = CIRCLE('',#502,2.);
#502 = AXIS2_PLACEMENT_3D('',#503,#504,#505);
#503 = CARTESIAN_POINT('',(129.09960937243,-77.24398703403,5.095));
#504 = DIRECTION('',(0.,0.,-1.));
#505 = DIRECTION('',(1.,0.,0.));
#506 = ORIENTED_EDGE('',*,*,#507,.T.);
#507 = EDGE_CURVE('',#499,#261,#508,.T.);
#508 = LINE('',#509,#510);
#509 = CARTESIAN_POINT('',(129.09960937243,-75.24398703403,5.095));
#510 = VECTOR('',#511,1.);
#511 = DIRECTION('',(1.,0.,0.));
#512 = ORIENTED_EDGE('',*,*,#268,.T.);
#513 = ORIENTED_EDGE('',*,*,#514,.T.);
#514 = EDGE_CURVE('',#269,#515,#517,.T.);
#515 = VERTEX_POINT('',#516);
#516 = CARTESIAN_POINT('',(150.35901833537,-72.825,5.095));
#517 = LINE('',#518,#519);
#518 = CARTESIAN_POINT('',(116.6625,-72.825,5.095));
#519 = VECTOR('',#520,1.);
#520 = DIRECTION('',(-1.,0.,0.));
#521 = ORIENTED_EDGE('',*,*,#522,.T.);
#522 = EDGE_CURVE('',#515,#358,#523,.T.);
#523 = CIRCLE('',#524,2.507807546441);
#524 = AXIS2_PLACEMENT_3D('',#525,#526,#527);
#525 = CARTESIAN_POINT('',(150.68635290523,-70.33864709476,5.095));
#526 = DIRECTION('',(0.,0.,-1.));
#527 = DIRECTION('',(1.,0.,0.));
#528 = ORIENTED_EDGE('',*,*,#357,.F.);
#529 = ORIENTED_EDGE('',*,*,#80,.T.);
#530 = ORIENTED_EDGE('',*,*,#531,.T.);
#531 = EDGE_CURVE('',#81,#532,#534,.T.);
#532 = VERTEX_POINT('',#533);
#533 = CARTESIAN_POINT('',(43.2,-70.63718297509,5.095));
#534 = LINE('',#535,#536);
#535 = CARTESIAN_POINT('',(43.2,-77.5875,5.095));
#536 = VECTOR('',#537,1.);
#537 = DIRECTION('',(0.,-1.,0.));
#538 = ORIENTED_EDGE('',*,*,#539,.T.);
#539 = EDGE_CURVE('',#532,#540,#542,.T.);
#540 = VERTEX_POINT('',#541);
#541 = CARTESIAN_POINT('',(41.01218297509,-72.825,5.095));
#542 = CIRCLE('',#543,2.541258661588);
#543 = AXIS2_PLACEMENT_3D('',#544,#545,#546);
#544 = CARTESIAN_POINT('',(40.680482158547,-70.30548215854,5.095));
#545 = DIRECTION('',(0.,0.,-1.));
#546 = DIRECTION('',(1.,0.,0.));
#547 = ORIENTED_EDGE('',*,*,#548,.F.);
#548 = EDGE_CURVE('',#549,#540,#551,.T.);
#549 = VERTEX_POINT('',#550);
#550 = CARTESIAN_POINT('',(35.7,-72.825,5.095));
#551 = LINE('',#552,#553);
#552 = CARTESIAN_POINT('',(56.6625,-72.825,5.095));
#553 = VECTOR('',#554,1.);
#554 = DIRECTION('',(1.,0.,0.));
#555 = ORIENTED_EDGE('',*,*,#556,.T.);
#556 = EDGE_CURVE('',#549,#557,#559,.T.);
#557 = VERTEX_POINT('',#558);
#558 = CARTESIAN_POINT('',(35.7,-80.2,5.095));
#559 = LINE('',#560,#561);
#560 = CARTESIAN_POINT('',(35.7,-81.3375,5.095));
#561 = VECTOR('',#562,1.);
#562 = DIRECTION('',(3.4E-16,-1.,0.));
#563 = ORIENTED_EDGE('',*,*,#564,.T.);
#564 = EDGE_CURVE('',#557,#565,#567,.T.);
#565 = VERTEX_POINT('',#566);
#566 = CARTESIAN_POINT('',(58.5975,-80.2,5.095));
#567 = LINE('',#568,#569);
#568 = CARTESIAN_POINT('',(35.7,-80.2,5.095));
#569 = VECTOR('',#570,1.);
#570 = DIRECTION('',(1.,0.,0.));
#571 = ORIENTED_EDGE('',*,*,#572,.T.);
#572 = EDGE_CURVE('',#565,#573,#575,.T.);
#573 = VERTEX_POINT('',#574);
#574 = CARTESIAN_POINT('',(64.0975,-85.7,5.095));
#575 = CIRCLE('',#576,5.5);
#576 = AXIS2_PLACEMENT_3D('',#577,#578,#579);
#577 = CARTESIAN_POINT('',(58.5975,-85.7,5.095));
#578 = DIRECTION('',(0.,0.,-1.));
#579 = DIRECTION('',(1.,0.,0.));
#580 = ORIENTED_EDGE('',*,*,#581,.T.);
#581 = EDGE_CURVE('',#573,#582,#584,.T.);
#582 = VERTEX_POINT('',#583);
#583 = CARTESIAN_POINT('',(64.0975,-98.5,5.095));
#584 = LINE('',#585,#586);
#585 = CARTESIAN_POINT('',(64.0975,-85.7,5.095));
#586 = VECTOR('',#587,1.);
#587 = DIRECTION('',(0.,-1.,0.));
#588 = ORIENTED_EDGE('',*,*,#589,.T.);
#589 = EDGE_CURVE('',#582,#590,#592,.T.);
#590 = VERTEX_POINT('',#591);
#591 = CARTESIAN_POINT('',(58.5975,-104.,5.095));
#592 = CIRCLE('',#593,5.5);
#593 = AXIS2_PLACEMENT_3D('',#594,#595,#596);
#594 = CARTESIAN_POINT('',(58.5975,-98.5,5.095));
#595 = DIRECTION('',(0.,0.,-1.));
#596 = DIRECTION('',(1.,0.,0.));
#597 = ORIENTED_EDGE('',*,*,#598,.T.);
#598 = EDGE_CURVE('',#590,#599,#601,.T.);
#599 = VERTEX_POINT('',#600);
#600 = CARTESIAN_POINT('',(35.7,-104.,5.095));
#601 = LINE('',#602,#603);
#602 = CARTESIAN_POINT('',(58.5975,-104.,5.095));
#603 = VECTOR('',#604,1.);
#604 = DIRECTION('',(-1.,0.,0.));
#605 = ORIENTED_EDGE('',*,*,#606,.T.);
#606 = EDGE_CURVE('',#599,#607,#609,.T.);
#607 = VERTEX_POINT('',#608);
#608 = CARTESIAN_POINT('',(35.7,-114.825,5.095));
#609 = LINE('',#610,#611);
#610 = CARTESIAN_POINT('',(35.7,-81.3375,5.095));
#611 = VECTOR('',#612,1.);
#612 = DIRECTION('',(3.4E-16,-1.,0.));
#613 = ORIENTED_EDGE('',*,*,#614,.T.);
#614 = EDGE_CURVE('',#607,#615,#617,.T.);
#615 = VERTEX_POINT('',#616);
#616 = CARTESIAN_POINT('',(41.166892052475,-114.825,5.095));
#617 = LINE('',#618,#619);
#618 = CARTESIAN_POINT('',(56.662499999973,-114.825,5.095));
#619 = VECTOR('',#620,1.);
#620 = DIRECTION('',(1.,-2.17313E-12,0.));
#621 = ORIENTED_EDGE('',*,*,#622,.T.);
#622 = EDGE_CURVE('',#615,#434,#623,.T.);
#623 = CIRCLE('',#624,2.361556347145);
#624 = AXIS2_PLACEMENT_3D('',#625,#626,#627);
#625 = CARTESIAN_POINT('',(40.858647094767,-117.1663529052,5.095));
#626 = DIRECTION('',(0.,0.,-1.));
#627 = DIRECTION('',(1.,0.,0.));
#628 = FACE_BOUND('',#629,.F.);
#629 = EDGE_LOOP('',(#630,#641,#649,#658,#666,#675,#683,#692));
#630 = ORIENTED_EDGE('',*,*,#631,.T.);
#631 = EDGE_CURVE('',#632,#634,#636,.T.);
#632 = VERTEX_POINT('',#633);
#633 = CARTESIAN_POINT('',(74.553448097973,-105.804411902,5.095));
#634 = VERTEX_POINT('',#635);
#635 = CARTESIAN_POINT('',(72.553448097973,-103.804411902,5.095));
#636 = CIRCLE('',#637,2.);
#637 = AXIS2_PLACEMENT_3D('',#638,#639,#640);
#638 = CARTESIAN_POINT('',(74.553448097973,-103.804411902,5.095));
#639 = DIRECTION('',(0.,0.,-1.));
#640 = DIRECTION('',(1.,0.,0.));
#641 = ORIENTED_EDGE('',*,*,#642,.T.);
#642 = EDGE_CURVE('',#634,#643,#645,.T.);
#643 = VERTEX_POINT('',#644);
#644 = CARTESIAN_POINT('',(72.553448097973,-102.1255880979,5.095));
#645 = LINE('',#646,#647);
#646 = CARTESIAN_POINT('',(72.553448097973,-103.804411902,5.095));
#647 = VECTOR('',#648,1.);
#648 = DIRECTION('',(0.,1.,0.));
#649 = ORIENTED_EDGE('',*,*,#650,.T.);
#650 = EDGE_CURVE('',#643,#651,#653,.T.);
#651 = VERTEX_POINT('',#652);
#652 = CARTESIAN_POINT('',(74.553448097973,-100.1255880979,5.095));
#653 = CIRCLE('',#654,2.);
#654 = AXIS2_PLACEMENT_3D('',#655,#656,#657);
#655 = CARTESIAN_POINT('',(74.553448097973,-102.1255880979,5.095));
#656 = DIRECTION('',(0.,0.,-1.));
#657 = DIRECTION('',(1.,0.,0.));
#658 = ORIENTED_EDGE('',*,*,#659,.T.);
#659 = EDGE_CURVE('',#651,#660,#662,.T.);
#660 = VERTEX_POINT('',#661);
#661 = CARTESIAN_POINT('',(75.660128960314,-100.1255880979,5.095));
#662 = LINE('',#663,#664);
#663 = CARTESIAN_POINT('',(74.553448097973,-100.1255880979,5.095));
#664 = VECTOR('',#665,1.);
#665 = DIRECTION('',(1.,0.,0.));
#666 = ORIENTED_EDGE('',*,*,#667,.T.);
#667 = EDGE_CURVE('',#660,#668,#670,.T.);
#668 = VERTEX_POINT('',#669);
#669 = CARTESIAN_POINT('',(77.660128960314,-102.1255880979,5.095));
#670 = CIRCLE('',#671,2.);
#671 = AXIS2_PLACEMENT_3D('',#672,#673,#674);
#672 = CARTESIAN_POINT('',(75.660128960314,-102.1255880979,5.095));
#673 = DIRECTION('',(0.,0.,-1.));
#674 = DIRECTION('',(1.,0.,0.));
#675 = ORIENTED_EDGE('',*,*,#676,.T.);
#676 = EDGE_CURVE('',#668,#677,#679,.T.);
#677 = VERTEX_POINT('',#678);
#678 = CARTESIAN_POINT('',(77.660128960314,-103.804411902,5.095));
#679 = LINE('',#680,#681);
#680 = CARTESIAN_POINT('',(77.660128960314,-102.1255880979,5.095));
#681 = VECTOR('',#682,1.);
#682 = DIRECTION('',(0.,-1.,0.));
#683 = ORIENTED_EDGE('',*,*,#684,.T.);
#684 = EDGE_CURVE('',#677,#685,#687,.T.);
#685 = VERTEX_POINT('',#686);
#686 = CARTESIAN_POINT('',(75.660128960314,-105.804411902,5.095));
#687 = CIRCLE('',#688,2.);
#688 = AXIS2_PLACEMENT_3D('',#689,#690,#691);
#689 = CARTESIAN_POINT('',(75.660128960314,-103.804411902,5.095));
#690 = DIRECTION('',(0.,0.,-1.));
#691 = DIRECTION('',(1.,0.,0.));
#692 = ORIENTED_EDGE('',*,*,#693,.T.);
#693 = EDGE_CURVE('',#685,#632,#694,.T.);
#694 = LINE('',#695,#696);
#695 = CARTESIAN_POINT('',(75.660128960314,-105.804411902,5.095));
#696 = VECTOR('',#697,1.);
#697 = DIRECTION('',(-1.,0.,0.));
#698 = FACE_BOUND('',#699,.F.);
#699 = EDGE_LOOP('',(#700,#711,#719,#728,#736,#745,#753,#762));
#700 = ORIENTED_EDGE('',*,*,#701,.T.);
#701 = EDGE_CURVE('',#702,#704,#706,.T.);
#702 = VERTEX_POINT('',#703);
#703 = CARTESIAN_POINT('',(98.412499,-103.4901,5.095));
#704 = VERTEX_POINT('',#705);
#705 = CARTESIAN_POINT('',(96.412499,-101.4901,5.095));
#706 = CIRCLE('',#707,2.);
#707 = AXIS2_PLACEMENT_3D('',#708,#709,#710);
#708 = CARTESIAN_POINT('',(98.412499,-101.4901,5.095));
#709 = DIRECTION('',(0.,0.,-1.));
#710 = DIRECTION('',(1.,0.,0.));
#711 = ORIENTED_EDGE('',*,*,#712,.T.);
#712 = EDGE_CURVE('',#704,#713,#715,.T.);
#713 = VERTEX_POINT('',#714);
#714 = CARTESIAN_POINT('',(96.412499,-99.0861,5.095));
#715 = LINE('',#716,#717);
#716 = CARTESIAN_POINT('',(96.412499,-101.4901,5.095));
#717 = VECTOR('',#718,1.);
#718 = DIRECTION('',(0.,1.,0.));
#719 = ORIENTED_EDGE('',*,*,#720,.T.);
#720 = EDGE_CURVE('',#713,#721,#723,.T.);
#721 = VERTEX_POINT('',#722);
#722 = CARTESIAN_POINT('',(98.412499,-97.0861,5.095));
#723 = CIRCLE('',#724,2.);
#724 = AXIS2_PLACEMENT_3D('',#725,#726,#727);
#725 = CARTESIAN_POINT('',(98.412499,-99.0861,5.095));
#726 = DIRECTION('',(0.,0.,-1.));
#727 = DIRECTION('',(1.,0.,0.));
#728 = ORIENTED_EDGE('',*,*,#729,.T.);
#729 = EDGE_CURVE('',#721,#730,#732,.T.);
#730 = VERTEX_POINT('',#731);
#731 = CARTESIAN_POINT('',(99.826499,-97.0861,5.095));
#732 = LINE('',#733,#734);
#733 = CARTESIAN_POINT('',(98.412499,-97.0861,5.095));
#734 = VECTOR('',#735,1.);
#735 = DIRECTION('',(1.,0.,0.));
#736 = ORIENTED_EDGE('',*,*,#737,.T.);
#737 = EDGE_CURVE('',#730,#738,#740,.T.);
#738 = VERTEX_POINT('',#739);
#739 = CARTESIAN_POINT('',(101.826499,-99.0861,5.095));
#740 = CIRCLE('',#741,2.);
#741 = AXIS2_PLACEMENT_3D('',#742,#743,#744);
#742 = CARTESIAN_POINT('',(99.826499,-99.0861,5.095));
#743 = DIRECTION('',(0.,0.,-1.));
#744 = DIRECTION('',(1.,0.,0.));
#745 = ORIENTED_EDGE('',*,*,#746,.T.);
#746 = EDGE_CURVE('',#738,#747,#749,.T.);
#747 = VERTEX_POINT('',#748);
#748 = CARTESIAN_POINT('',(101.826499,-101.4901,5.095));
#749 = LINE('',#750,#751);
#750 = CARTESIAN_POINT('',(101.826499,-99.0861,5.095));
#751 = VECTOR('',#752,1.);
#752 = DIRECTION('',(0.,-1.,0.));
#753 = ORIENTED_EDGE('',*,*,#754,.T.);
#754 = EDGE_CURVE('',#747,#755,#757,.T.);
#755 = VERTEX_POINT('',#756);
#756 = CARTESIAN_POINT('',(99.826499,-103.4901,5.095));
#757 = CIRCLE('',#758,2.);
#758 = AXIS2_PLACEMENT_3D('',#759,#760,#761);
#759 = CARTESIAN_POINT('',(99.826499,-101.4901,5.095));
#760 = DIRECTION('',(0.,0.,-1.));
#761 = DIRECTION('',(1.,0.,0.));
#762 = ORIENTED_EDGE('',*,*,#763,.T.);
#763 = EDGE_CURVE('',#755,#702,#764,.T.);
#764 = LINE('',#765,#766);
#765 = CARTESIAN_POINT('',(99.826499,-103.4901,5.095));
#766 = VECTOR('',#767,1.);
#767 = DIRECTION('',(-1.,0.,0.));
#768 = FACE_BOUND('',#769,.F.);
#769 = EDGE_LOOP('',(#770));
#770 = ORIENTED_EDGE('',*,*,#771,.T.);
#771 = EDGE_CURVE('',#772,#772,#774,.T.);
#772 = VERTEX_POINT('',#773);
#773 = CARTESIAN_POINT('',(128.2,-110.9,5.095));
#774 = CIRCLE('',#775,2.5);
#775 = AXIS2_PLACEMENT_3D('',#776,#777,#778);
#776 = CARTESIAN_POINT('',(125.7,-110.9,5.095));
#777 = DIRECTION('',(0.,0.,-1.));
#778 = DIRECTION('',(1.,0.,0.));
#779 = FACE_BOUND('',#780,.F.);
#780 = EDGE_LOOP('',(#781,#792,#800,#809,#817,#826,#834,#843));
#781 = ORIENTED_EDGE('',*,*,#782,.T.);
#782 = EDGE_CURVE('',#783,#785,#787,.T.);
#783 = VERTEX_POINT('',#784);
#784 = CARTESIAN_POINT('',(130.85,-108.65,5.095));
#785 = VERTEX_POINT('',#786);
#786 = CARTESIAN_POINT('',(132.85,-106.65,5.095));
#787 = CIRCLE('',#788,2.);
#788 = AXIS2_PLACEMENT_3D('',#789,#790,#791);
#789 = CARTESIAN_POINT('',(132.85,-108.65,5.095));
#790 = DIRECTION('',(0.,0.,-1.));
#791 = DIRECTION('',(1.,0.,0.));
#792 = ORIENTED_EDGE('',*,*,#793,.T.);
#793 = EDGE_CURVE('',#785,#794,#796,.T.);
#794 = VERTEX_POINT('',#795);
#795 = CARTESIAN_POINT('',(142.85,-106.65,5.095));
#796 = LINE('',#797,#798);
#797 = CARTESIAN_POINT('',(132.85,-106.65,5.095));
#798 = VECTOR('',#799,1.);
#799 = DIRECTION('',(1.,0.,0.));
#800 = ORIENTED_EDGE('',*,*,#801,.T.);
#801 = EDGE_CURVE('',#794,#802,#804,.T.);
#802 = VERTEX_POINT('',#803);
#803 = CARTESIAN_POINT('',(144.85,-108.65,5.095));
#804 = CIRCLE('',#805,2.);
#805 = AXIS2_PLACEMENT_3D('',#806,#807,#808);
#806 = CARTESIAN_POINT('',(142.85,-108.65,5.095));
#807 = DIRECTION('',(0.,0.,-1.));
#808 = DIRECTION('',(1.,0.,0.));
#809 = ORIENTED_EDGE('',*,*,#810,.T.);
#810 = EDGE_CURVE('',#802,#811,#813,.T.);
#811 = VERTEX_POINT('',#812);
#812 = CARTESIAN_POINT('',(144.85,-118.35,5.095));
#813 = LINE('',#814,#815);
#814 = CARTESIAN_POINT('',(144.85,-108.65,5.095));
#815 = VECTOR('',#816,1.);
#816 = DIRECTION('',(0.,-1.,0.));
#817 = ORIENTED_EDGE('',*,*,#818,.T.);
#818 = EDGE_CURVE('',#811,#819,#821,.T.);
#819 = VERTEX_POINT('',#820);
#820 = CARTESIAN_POINT('',(142.85,-120.35,5.095));
#821 = CIRCLE('',#822,2.);
#822 = AXIS2_PLACEMENT_3D('',#823,#824,#825);
#823 = CARTESIAN_POINT('',(142.85,-118.35,5.095));
#824 = DIRECTION('',(0.,0.,-1.));
#825 = DIRECTION('',(1.,0.,0.));
#826 = ORIENTED_EDGE('',*,*,#827,.T.);
#827 = EDGE_CURVE('',#819,#828,#830,.T.);
#828 = VERTEX_POINT('',#829);
#829 = CARTESIAN_POINT('',(132.85,-120.35,5.095));
#830 = LINE('',#831,#832);
#831 = CARTESIAN_POINT('',(142.85,-120.35,5.095));
#832 = VECTOR('',#833,1.);
#833 = DIRECTION('',(-1.,0.,0.));
#834 = ORIENTED_EDGE('',*,*,#835,.T.);
#835 = EDGE_CURVE('',#828,#836,#838,.T.);
#836 = VERTEX_POINT('',#837);
#837 = CARTESIAN_POINT('',(130.85,-118.35,5.095));
#838 = CIRCLE('',#839,2.);
#839 = AXIS2_PLACEMENT_3D('',#840,#841,#842);
#840 = CARTESIAN_POINT('',(132.85,-118.35,5.095));
#841 = DIRECTION('',(0.,0.,-1.));
#842 = DIRECTION('',(1.,0.,0.));
#843 = ORIENTED_EDGE('',*,*,#844,.T.);
#844 = EDGE_CURVE('',#836,#783,#845,.T.);
#845 = LINE('',#846,#847);
#846 = CARTESIAN_POINT('',(130.85,-118.35,5.095));
#847 = VECTOR('',#848,1.);
#848 = DIRECTION('',(0.,1.,0.));
#849 = FACE_BOUND('',#850,.F.);
#850 = EDGE_LOOP('',(#851));
#851 = ORIENTED_EDGE('',*,*,#852,.T.);
#852 = EDGE_CURVE('',#853,#853,#855,.T.);
#853 = VERTEX_POINT('',#854);
#854 = CARTESIAN_POINT('',(154.2,-110.9,5.095));
#855 = CIRCLE('',#856,2.5);
#856 = AXIS2_PLACEMENT_3D('',#857,#858,#859);
#857 = CARTESIAN_POINT('',(151.7,-110.9,5.095));
#858 = DIRECTION('',(0.,0.,-1.));
#859 = DIRECTION('',(1.,0.,0.));
#860 = FACE_BOUND('',#861,.F.);
#861 = EDGE_LOOP('',(#862,#872,#881,#889,#898,#906,#915,#923,#932,#940,
    #949,#957,#966,#974,#983,#991,#1000,#1008,#1017,#1025,#1034,#1042,
    #1051,#1059));
#862 = ORIENTED_EDGE('',*,*,#863,.T.);
#863 = EDGE_CURVE('',#864,#866,#868,.T.);
#864 = VERTEX_POINT('',#865);
#865 = CARTESIAN_POINT('',(103.85,-90.,5.095));
#866 = VERTEX_POINT('',#867);
#867 = CARTESIAN_POINT('',(93.85,-90.,5.095));
#868 = LINE('',#869,#870);
#869 = CARTESIAN_POINT('',(103.85,-90.,5.095));
#870 = VECTOR('',#871,1.);
#871 = DIRECTION('',(-1.,0.,0.));
#872 = ORIENTED_EDGE('',*,*,#873,.T.);
#873 = EDGE_CURVE('',#866,#874,#876,.T.);
#874 = VERTEX_POINT('',#875);
#875 = CARTESIAN_POINT('',(91.85,-88.,5.095));
#876 = CIRCLE('',#877,2.);
#877 = AXIS2_PLACEMENT_3D('',#878,#879,#880);
#878 = CARTESIAN_POINT('',(93.85,-88.,5.095));
#879 = DIRECTION('',(0.,0.,-1.));
#880 = DIRECTION('',(1.,0.,0.));
#881 = ORIENTED_EDGE('',*,*,#882,.T.);
#882 = EDGE_CURVE('',#874,#883,#885,.T.);
#883 = VERTEX_POINT('',#884);
#884 = CARTESIAN_POINT('',(91.85,-94.2359476,5.095));
#885 = LINE('',#886,#887);
#886 = CARTESIAN_POINT('',(91.85,-88.,5.095));
#887 = VECTOR('',#888,1.);
#888 = DIRECTION('',(0.,-1.,0.));
#889 = ORIENTED_EDGE('',*,*,#890,.T.);
#890 = EDGE_CURVE('',#883,#891,#893,.T.);
#891 = VERTEX_POINT('',#892);
#892 = CARTESIAN_POINT('',(89.85,-96.2359476,5.095));
#893 = CIRCLE('',#894,2.);
#894 = AXIS2_PLACEMENT_3D('',#895,#896,#897);
#895 = CARTESIAN_POINT('',(89.85,-94.2359476,5.095));
#896 = DIRECTION('',(0.,0.,-1.));
#897 = DIRECTION('',(1.,0.,0.));
#898 = ORIENTED_EDGE('',*,*,#899,.T.);
#899 = EDGE_CURVE('',#891,#900,#902,.T.);
#900 = VERTEX_POINT('',#901);
#901 = CARTESIAN_POINT('',(88.667251820492,-96.2359476,5.095));
#902 = LINE('',#903,#904);
#903 = CARTESIAN_POINT('',(89.85,-96.2359476,5.095));
#904 = VECTOR('',#905,1.);
#905 = DIRECTION('',(-1.,0.,0.));
#906 = ORIENTED_EDGE('',*,*,#907,.T.);
#907 = EDGE_CURVE('',#900,#908,#910,.T.);
#908 = VERTEX_POINT('',#909);
#909 = CARTESIAN_POINT('',(86.667251820492,-94.2359476,5.095));
#910 = CIRCLE('',#911,2.);
#911 = AXIS2_PLACEMENT_3D('',#912,#913,#914);
#912 = CARTESIAN_POINT('',(88.667251820492,-94.2359476,5.095));
#913 = DIRECTION('',(0.,0.,-1.));
#914 = DIRECTION('',(1.,0.,0.));
#915 = ORIENTED_EDGE('',*,*,#916,.T.);
#916 = EDGE_CURVE('',#908,#917,#919,.T.);
#917 = VERTEX_POINT('',#918);
#918 = CARTESIAN_POINT('',(86.667251820492,-86.0238476,5.095));
#919 = LINE('',#920,#921);
#920 = CARTESIAN_POINT('',(86.667251820492,-94.2359476,5.095));
#921 = VECTOR('',#922,1.);
#922 = DIRECTION('',(0.,1.,0.));
#923 = ORIENTED_EDGE('',*,*,#924,.T.);
#924 = EDGE_CURVE('',#917,#925,#927,.T.);
#925 = VERTEX_POINT('',#926);
#926 = CARTESIAN_POINT('',(88.667251820492,-84.0238476,5.095));
#927 = CIRCLE('',#928,2.);
#928 = AXIS2_PLACEMENT_3D('',#929,#930,#931);
#929 = CARTESIAN_POINT('',(88.667251820492,-86.0238476,5.095));
#930 = DIRECTION('',(0.,0.,-1.));
#931 = DIRECTION('',(1.,0.,0.));
#932 = ORIENTED_EDGE('',*,*,#933,.T.);
#933 = EDGE_CURVE('',#925,#934,#936,.T.);
#934 = VERTEX_POINT('',#935);
#935 = CARTESIAN_POINT('',(90.158562629481,-84.0238476,5.095));
#936 = LINE('',#937,#938);
#937 = CARTESIAN_POINT('',(88.667251820492,-84.0238476,5.095));
#938 = VECTOR('',#939,1.);
#939 = DIRECTION('',(1.,0.,0.));
#940 = ORIENTED_EDGE('',*,*,#941,.T.);
#941 = EDGE_CURVE('',#934,#942,#944,.T.);
#942 = VERTEX_POINT('',#943);
#943 = CARTESIAN_POINT('',(91.85,-85.72613624731,5.095));
#944 = CIRCLE('',#945,2.);
#945 = AXIS2_PLACEMENT_3D('',#946,#947,#948);
#946 = CARTESIAN_POINT('',(89.869229325432,-86.00280849884,5.095));
#947 = DIRECTION('',(0.,0.,-1.));
#948 = DIRECTION('',(1.,0.,0.));
#949 = ORIENTED_EDGE('',*,*,#950,.T.);
#950 = EDGE_CURVE('',#942,#951,#953,.T.);
#951 = VERTEX_POINT('',#952);
#952 = CARTESIAN_POINT('',(91.85,-78.2,5.095));
#953 = LINE('',#954,#955);
#954 = CARTESIAN_POINT('',(91.85,-88.,5.095));
#955 = VECTOR('',#956,1.);
#956 = DIRECTION('',(0.,1.,0.));
#957 = ORIENTED_EDGE('',*,*,#958,.T.);
#958 = EDGE_CURVE('',#951,#959,#961,.T.);
#959 = VERTEX_POINT('',#960);
#960 = CARTESIAN_POINT('',(93.85,-76.2,5.095));
#961 = CIRCLE('',#962,2.);
#962 = AXIS2_PLACEMENT_3D('',#963,#964,#965);
#963 = CARTESIAN_POINT('',(93.85,-78.2,5.095));
#964 = DIRECTION('',(0.,0.,-1.));
#965 = DIRECTION('',(1.,0.,0.));
#966 = ORIENTED_EDGE('',*,*,#967,.T.);
#967 = EDGE_CURVE('',#959,#968,#970,.T.);
#968 = VERTEX_POINT('',#969);
#969 = CARTESIAN_POINT('',(103.85,-76.2,5.095));
#970 = LINE('',#971,#972);
#971 = CARTESIAN_POINT('',(93.85,-76.2,5.095));
#972 = VECTOR('',#973,1.);
#973 = DIRECTION('',(1.,0.,0.));
#974 = ORIENTED_EDGE('',*,*,#975,.T.);
#975 = EDGE_CURVE('',#968,#976,#978,.T.);
#976 = VERTEX_POINT('',#977);
#977 = CARTESIAN_POINT('',(105.85,-78.2,5.095));
#978 = CIRCLE('',#979,2.);
#979 = AXIS2_PLACEMENT_3D('',#980,#981,#982);
#980 = CARTESIAN_POINT('',(103.85,-78.2,5.095));
#981 = DIRECTION('',(0.,0.,-1.));
#982 = DIRECTION('',(1.,0.,0.));
#983 = ORIENTED_EDGE('',*,*,#984,.T.);
#984 = EDGE_CURVE('',#976,#985,#987,.T.);
#985 = VERTEX_POINT('',#986);
#986 = CARTESIAN_POINT('',(105.85,-85.42753669521,5.095));
#987 = LINE('',#988,#989);
#988 = CARTESIAN_POINT('',(105.85,-78.2,5.095));
#989 = VECTOR('',#990,1.);
#990 = DIRECTION('',(0.,-1.,0.));
#991 = ORIENTED_EDGE('',*,*,#992,.T.);
#992 = EDGE_CURVE('',#985,#993,#995,.T.);
#993 = VERTEX_POINT('',#994);
#994 = CARTESIAN_POINT('',(107.90284059459,-83.53264795133,5.095));
#995 = CIRCLE('',#996,2.);
#996 = AXIS2_PLACEMENT_3D('',#997,#998,#999);
#997 = CARTESIAN_POINT('',(107.84727647508,-85.53187595949,5.095));
#998 = DIRECTION('',(0.,0.,-1.));
#999 = DIRECTION('',(1.,0.,0.));
#1000 = ORIENTED_EDGE('',*,*,#1001,.T.);
#1001 = EDGE_CURVE('',#993,#1002,#1004,.T.);
#1002 = VERTEX_POINT('',#1003);
#1003 = CARTESIAN_POINT('',(109.79289879059,-83.53264795133,5.095));
#1004 = LINE('',#1005,#1006);
#1005 = CARTESIAN_POINT('',(107.90284059459,-83.53264795133,5.095));
#1006 = VECTOR('',#1007,1.);
#1007 = DIRECTION('',(1.,0.,0.));
#1008 = ORIENTED_EDGE('',*,*,#1009,.T.);
#1009 = EDGE_CURVE('',#1002,#1010,#1012,.T.);
#1010 = VERTEX_POINT('',#1011);
#1011 = CARTESIAN_POINT('',(111.79289879059,-85.53264795133,5.095));
#1012 = CIRCLE('',#1013,2.);
#1013 = AXIS2_PLACEMENT_3D('',#1014,#1015,#1016);
#1014 = CARTESIAN_POINT('',(109.79289879059,-85.53264795133,5.095));
#1015 = DIRECTION('',(0.,0.,-1.));
#1016 = DIRECTION('',(1.,0.,0.));
#1017 = ORIENTED_EDGE('',*,*,#1018,.T.);
#1018 = EDGE_CURVE('',#1010,#1019,#1021,.T.);
#1019 = VERTEX_POINT('',#1020);
#1020 = CARTESIAN_POINT('',(111.79289879059,-94.16353223257,5.095));
#1021 = LINE('',#1022,#1023);
#1022 = CARTESIAN_POINT('',(111.79289879059,-85.53264795133,5.095));
#1023 = VECTOR('',#1024,1.);
#1024 = DIRECTION('',(0.,-1.,0.));
#1025 = ORIENTED_EDGE('',*,*,#1026,.T.);
#1026 = EDGE_CURVE('',#1019,#1027,#1029,.T.);
#1027 = VERTEX_POINT('',#1028);
#1028 = CARTESIAN_POINT('',(109.79289879059,-96.16353223257,5.095));
#1029 = CIRCLE('',#1030,2.);
#1030 = AXIS2_PLACEMENT_3D('',#1031,#1032,#1033);
#1031 = CARTESIAN_POINT('',(109.79289879059,-94.16353223257,5.095));
#1032 = DIRECTION('',(0.,0.,-1.));
#1033 = DIRECTION('',(1.,0.,0.));
#1034 = ORIENTED_EDGE('',*,*,#1035,.T.);
#1035 = EDGE_CURVE('',#1027,#1036,#1038,.T.);
#1036 = VERTEX_POINT('',#1037);
#1037 = CARTESIAN_POINT('',(107.85,-96.16353223257,5.095));
#1038 = LINE('',#1039,#1040);
#1039 = CARTESIAN_POINT('',(109.79289879059,-96.16353223257,5.095));
#1040 = VECTOR('',#1041,1.);
#1041 = DIRECTION('',(-1.,0.,0.));
#1042 = ORIENTED_EDGE('',*,*,#1043,.T.);
#1043 = EDGE_CURVE('',#1036,#1044,#1046,.T.);
#1044 = VERTEX_POINT('',#1045);
#1045 = CARTESIAN_POINT('',(105.85,-94.16353223257,5.095));
#1046 = CIRCLE('',#1047,2.);
#1047 = AXIS2_PLACEMENT_3D('',#1048,#1049,#1050);
#1048 = CARTESIAN_POINT('',(107.85,-94.16353223257,5.095));
#1049 = DIRECTION('',(0.,0.,-1.));
#1050 = DIRECTION('',(1.,0.,0.));
#1051 = ORIENTED_EDGE('',*,*,#1052,.T.);
#1052 = EDGE_CURVE('',#1044,#1053,#1055,.T.);
#1053 = VERTEX_POINT('',#1054);
#1054 = CARTESIAN_POINT('',(105.85,-88.,5.095));
#1055 = LINE('',#1056,#1057);
#1056 = CARTESIAN_POINT('',(105.85,-88.,5.095));
#1057 = VECTOR('',#1058,1.);
#1058 = DIRECTION('',(1.657E-14,1.,0.));
#1059 = ORIENTED_EDGE('',*,*,#1060,.T.);
#1060 = EDGE_CURVE('',#1053,#864,#1061,.T.);
#1061 = CIRCLE('',#1062,2.);
#1062 = AXIS2_PLACEMENT_3D('',#1063,#1064,#1065);
#1063 = CARTESIAN_POINT('',(103.85,-88.,5.095));
#1064 = DIRECTION('',(0.,0.,-1.));
#1065 = DIRECTION('',(1.,0.,0.));
#1066 = FACE_BOUND('',#1067,.F.);
#1067 = EDGE_LOOP('',(#1068));
#1068 = ORIENTED_EDGE('',*,*,#1069,.T.);
#1069 = EDGE_CURVE('',#1070,#1070,#1072,.T.);
#1070 = VERTEX_POINT('',#1071);
#1071 = CARTESIAN_POINT('',(76.75,-71.95,5.095));
#1072 = CIRCLE('',#1073,5.5);
#1073 = AXIS2_PLACEMENT_3D('',#1074,#1075,#1076);
#1074 = CARTESIAN_POINT('',(71.25,-71.95,5.095));
#1075 = DIRECTION('',(0.,0.,-1.));
#1076 = DIRECTION('',(1.,0.,0.));
#1077 = FACE_BOUND('',#1078,.F.);
#1078 = EDGE_LOOP('',(#1079,#1090,#1098,#1107,#1115,#1124,#1132,#1141));
#1079 = ORIENTED_EDGE('',*,*,#1080,.T.);
#1080 = EDGE_CURVE('',#1081,#1083,#1085,.T.);
#1081 = VERTEX_POINT('',#1082);
#1082 = CARTESIAN_POINT('',(120.4743193146,-96.67687367746,5.095));
#1083 = VERTEX_POINT('',#1084);
#1084 = CARTESIAN_POINT('',(118.4743193146,-94.67687367746,5.095));
#1085 = CIRCLE('',#1086,2.);
#1086 = AXIS2_PLACEMENT_3D('',#1087,#1088,#1089);
#1087 = CARTESIAN_POINT('',(120.4743193146,-94.67687367746,5.095));
#1088 = DIRECTION('',(0.,0.,-1.));
#1089 = DIRECTION('',(1.,0.,0.));
#1090 = ORIENTED_EDGE('',*,*,#1091,.T.);
#1091 = EDGE_CURVE('',#1083,#1092,#1094,.T.);
#1092 = VERTEX_POINT('',#1093);
#1093 = CARTESIAN_POINT('',(118.4743193146,-90.72312632253,5.095));
#1094 = LINE('',#1095,#1096);
#1095 = CARTESIAN_POINT('',(118.4743193146,-94.67687367746,5.095));
#1096 = VECTOR('',#1097,1.);
#1097 = DIRECTION('',(0.,1.,0.));
#1098 = ORIENTED_EDGE('',*,*,#1099,.T.);
#1099 = EDGE_CURVE('',#1092,#1100,#1102,.T.);
#1100 = VERTEX_POINT('',#1101);
#1101 = CARTESIAN_POINT('',(120.4743193146,-88.72312632253,5.095));
#1102 = CIRCLE('',#1103,2.);
#1103 = AXIS2_PLACEMENT_3D('',#1104,#1105,#1106);
#1104 = CARTESIAN_POINT('',(120.4743193146,-90.72312632253,5.095));
#1105 = DIRECTION('',(0.,0.,-1.));
#1106 = DIRECTION('',(1.,0.,0.));
#1107 = ORIENTED_EDGE('',*,*,#1108,.T.);
#1108 = EDGE_CURVE('',#1100,#1109,#1111,.T.);
#1109 = VERTEX_POINT('',#1110);
#1110 = CARTESIAN_POINT('',(120.72568068539,-88.72312632253,5.095));
#1111 = LINE('',#1112,#1113);
#1112 = CARTESIAN_POINT('',(120.4743193146,-88.72312632253,5.095));
#1113 = VECTOR('',#1114,1.);
#1114 = DIRECTION('',(1.,0.,0.));
#1115 = ORIENTED_EDGE('',*,*,#1116,.T.);
#1116 = EDGE_CURVE('',#1109,#1117,#1119,.T.);
#1117 = VERTEX_POINT('',#1118);
#1118 = CARTESIAN_POINT('',(122.72568068539,-90.72312632253,5.095));
#1119 = CIRCLE('',#1120,2.);
#1120 = AXIS2_PLACEMENT_3D('',#1121,#1122,#1123);
#1121 = CARTESIAN_POINT('',(120.72568068539,-90.72312632253,5.095));
#1122 = DIRECTION('',(0.,0.,-1.));
#1123 = DIRECTION('',(1.,0.,0.));
#1124 = ORIENTED_EDGE('',*,*,#1125,.T.);
#1125 = EDGE_CURVE('',#1117,#1126,#1128,.T.);
#1126 = VERTEX_POINT('',#1127);
#1127 = CARTESIAN_POINT('',(122.72568068539,-94.67687367746,5.095));
#1128 = LINE('',#1129,#1130);
#1129 = CARTESIAN_POINT('',(122.72568068539,-90.72312632253,5.095));
#1130 = VECTOR('',#1131,1.);
#1131 = DIRECTION('',(0.,-1.,0.));
#1132 = ORIENTED_EDGE('',*,*,#1133,.T.);
#1133 = EDGE_CURVE('',#1126,#1134,#1136,.T.);
#1134 = VERTEX_POINT('',#1135);
#1135 = CARTESIAN_POINT('',(120.72568068539,-96.67687367746,5.095));
#1136 = CIRCLE('',#1137,2.);
#1137 = AXIS2_PLACEMENT_3D('',#1138,#1139,#1140);
#1138 = CARTESIAN_POINT('',(120.72568068539,-94.67687367746,5.095));
#1139 = DIRECTION('',(0.,0.,-1.));
#1140 = DIRECTION('',(1.,0.,0.));
#1141 = ORIENTED_EDGE('',*,*,#1142,.T.);
#1142 = EDGE_CURVE('',#1134,#1081,#1143,.T.);
#1143 = LINE('',#1144,#1145);
#1144 = CARTESIAN_POINT('',(120.72568068539,-96.67687367746,5.095));
#1145 = VECTOR('',#1146,1.);
#1146 = DIRECTION('',(-1.,0.,0.));
#1147 = FACE_BOUND('',#1148,.F.);
#1148 = EDGE_LOOP('',(#1149));
#1149 = ORIENTED_EDGE('',*,*,#1150,.T.);
#1150 = EDGE_CURVE('',#1151,#1151,#1153,.T.);
#1151 = VERTEX_POINT('',#1152);
#1152 = CARTESIAN_POINT('',(144.2,-71.7,5.095));
#1153 = CIRCLE('',#1154,2.5);
#1154 = AXIS2_PLACEMENT_3D('',#1155,#1156,#1157);
#1155 = CARTESIAN_POINT('',(141.7,-71.7,5.095));
#1156 = DIRECTION('',(0.,0.,-1.));
#1157 = DIRECTION('',(1.,0.,0.));
#1158 = PLANE('',#1159);
#1159 = AXIS2_PLACEMENT_3D('',#1160,#1161,#1162);
#1160 = CARTESIAN_POINT('',(77.625,-89.85,5.095));
#1161 = DIRECTION('',(0.,0.,1.));
#1162 = DIRECTION('',(1.,0.,0.));
#1163 = ADVANCED_FACE('',(#1164),#1175,.T.);
#1164 = FACE_BOUND('',#1165,.T.);
#1165 = EDGE_LOOP('',(#1166,#1167,#1168,#1169));
#1166 = ORIENTED_EDGE('',*,*,#379,.F.);
#1167 = ORIENTED_EDGE('',*,*,#88,.T.);
#1168 = ORIENTED_EDGE('',*,*,#531,.T.);
#1169 = ORIENTED_EDGE('',*,*,#1170,.F.);
#1170 = EDGE_CURVE('',#380,#532,#1171,.T.);
#1171 = LINE('',#1172,#1173);
#1172 = CARTESIAN_POINT('',(43.2,-70.63718297509,1.51));
#1173 = VECTOR('',#1174,1.);
#1174 = DIRECTION('',(0.,0.,1.));
#1175 = PLANE('',#1176);
#1176 = AXIS2_PLACEMENT_3D('',#1177,#1178,#1179);
#1177 = CARTESIAN_POINT('',(43.2,-65.325,1.51));
#1178 = DIRECTION('',(1.,0.,0.));
#1179 = DIRECTION('',(0.,-1.,0.));
#1180 = ADVANCED_FACE('',(#1181,#1522,#1533,#1544,#1555,#1566,#1577,
    #1588,#1658,#1669),#1680,.T.);
#1181 = FACE_BOUND('',#1182,.T.);
#1182 = EDGE_LOOP('',(#1183,#1193,#1201,#1209,#1217,#1225,#1233,#1241,
    #1249,#1257,#1265,#1273,#1281,#1289,#1297,#1305,#1313,#1321,#1329,
    #1337,#1345,#1353,#1361,#1369,#1377,#1385,#1393,#1401,#1409,#1417,
    #1425,#1433,#1441,#1449,#1457,#1465,#1473,#1482,#1490,#1499,#1505,
    #1506,#1507,#1516));
#1183 = ORIENTED_EDGE('',*,*,#1184,.F.);
#1184 = EDGE_CURVE('',#1185,#1187,#1189,.T.);
#1185 = VERTEX_POINT('',#1186);
#1186 = CARTESIAN_POINT('',(120.7,-72.325,19.51));
#1187 = VERTEX_POINT('',#1188);
#1188 = CARTESIAN_POINT('',(36.7,-72.325,19.51));
#1189 = LINE('',#1190,#1191);
#1190 = CARTESIAN_POINT('',(120.7,-72.325,19.51));
#1191 = VECTOR('',#1192,1.);
#1192 = DIRECTION('',(-1.,0.,0.));
#1193 = ORIENTED_EDGE('',*,*,#1194,.F.);
#1194 = EDGE_CURVE('',#1195,#1185,#1197,.T.);
#1195 = VERTEX_POINT('',#1196);
#1196 = CARTESIAN_POINT('',(120.7,-74.825,19.51));
#1197 = LINE('',#1198,#1199);
#1198 = CARTESIAN_POINT('',(120.7,-74.825,19.51));
#1199 = VECTOR('',#1200,1.);
#1200 = DIRECTION('',(0.,1.,0.));
#1201 = ORIENTED_EDGE('',*,*,#1202,.F.);
#1202 = EDGE_CURVE('',#1203,#1195,#1205,.T.);
#1203 = VERTEX_POINT('',#1204);
#1204 = CARTESIAN_POINT('',(36.7,-74.825,19.51));
#1205 = LINE('',#1206,#1207);
#1206 = CARTESIAN_POINT('',(35.7,-74.825,19.51));
#1207 = VECTOR('',#1208,1.);
#1208 = DIRECTION('',(1.,0.,0.));
#1209 = ORIENTED_EDGE('',*,*,#1210,.F.);
#1210 = EDGE_CURVE('',#1211,#1203,#1213,.T.);
#1211 = VERTEX_POINT('',#1212);
#1212 = CARTESIAN_POINT('',(36.7,-77.325,19.51));
#1213 = LINE('',#1214,#1215);
#1214 = CARTESIAN_POINT('',(36.7,-77.325,19.51));
#1215 = VECTOR('',#1216,1.);
#1216 = DIRECTION('',(0.,1.,0.));
#1217 = ORIENTED_EDGE('',*,*,#1218,.F.);
#1218 = EDGE_CURVE('',#1219,#1211,#1221,.T.);
#1219 = VERTEX_POINT('',#1220);
#1220 = CARTESIAN_POINT('',(120.7,-77.325,19.51));
#1221 = LINE('',#1222,#1223);
#1222 = CARTESIAN_POINT('',(120.7,-77.325,19.51));
#1223 = VECTOR('',#1224,1.);
#1224 = DIRECTION('',(-1.,0.,0.));
#1225 = ORIENTED_EDGE('',*,*,#1226,.F.);
#1226 = EDGE_CURVE('',#1227,#1219,#1229,.T.);
#1227 = VERTEX_POINT('',#1228);
#1228 = CARTESIAN_POINT('',(120.7,-79.825,19.51));
#1229 = LINE('',#1230,#1231);
#1230 = CARTESIAN_POINT('',(120.7,-79.825,19.51));
#1231 = VECTOR('',#1232,1.);
#1232 = DIRECTION('',(0.,1.,0.));
#1233 = ORIENTED_EDGE('',*,*,#1234,.F.);
#1234 = EDGE_CURVE('',#1235,#1227,#1237,.T.);
#1235 = VERTEX_POINT('',#1236);
#1236 = CARTESIAN_POINT('',(36.7,-79.825,19.51));
#1237 = LINE('',#1238,#1239);
#1238 = CARTESIAN_POINT('',(35.7,-79.825,19.51));
#1239 = VECTOR('',#1240,1.);
#1240 = DIRECTION('',(1.,0.,0.));
#1241 = ORIENTED_EDGE('',*,*,#1242,.F.);
#1242 = EDGE_CURVE('',#1243,#1235,#1245,.T.);
#1243 = VERTEX_POINT('',#1244);
#1244 = CARTESIAN_POINT('',(36.7,-82.325,19.51));
#1245 = LINE('',#1246,#1247);
#1246 = CARTESIAN_POINT('',(36.7,-82.325,19.51));
#1247 = VECTOR('',#1248,1.);
#1248 = DIRECTION('',(0.,1.,0.));
#1249 = ORIENTED_EDGE('',*,*,#1250,.F.);
#1250 = EDGE_CURVE('',#1251,#1243,#1253,.T.);
#1251 = VERTEX_POINT('',#1252);
#1252 = CARTESIAN_POINT('',(120.7,-82.325,19.51));
#1253 = LINE('',#1254,#1255);
#1254 = CARTESIAN_POINT('',(120.7,-82.325,19.51));
#1255 = VECTOR('',#1256,1.);
#1256 = DIRECTION('',(-1.,0.,0.));
#1257 = ORIENTED_EDGE('',*,*,#1258,.F.);
#1258 = EDGE_CURVE('',#1259,#1251,#1261,.T.);
#1259 = VERTEX_POINT('',#1260);
#1260 = CARTESIAN_POINT('',(120.7,-84.825,19.51));
#1261 = LINE('',#1262,#1263);
#1262 = CARTESIAN_POINT('',(120.7,-84.825,19.51));
#1263 = VECTOR('',#1264,1.);
#1264 = DIRECTION('',(0.,1.,0.));
#1265 = ORIENTED_EDGE('',*,*,#1266,.F.);
#1266 = EDGE_CURVE('',#1267,#1259,#1269,.T.);
#1267 = VERTEX_POINT('',#1268);
#1268 = CARTESIAN_POINT('',(36.7,-84.825,19.51));
#1269 = LINE('',#1270,#1271);
#1270 = CARTESIAN_POINT('',(35.700000000043,-84.825,19.51));
#1271 = VECTOR('',#1272,1.);
#1272 = DIRECTION('',(1.,0.,0.));
#1273 = ORIENTED_EDGE('',*,*,#1274,.F.);
#1274 = EDGE_CURVE('',#1275,#1267,#1277,.T.);
#1275 = VERTEX_POINT('',#1276);
#1276 = CARTESIAN_POINT('',(36.7,-87.325,19.51));
#1277 = LINE('',#1278,#1279);
#1278 = CARTESIAN_POINT('',(36.7,-87.325,19.51));
#1279 = VECTOR('',#1280,1.);
#1280 = DIRECTION('',(0.,1.,0.));
#1281 = ORIENTED_EDGE('',*,*,#1282,.F.);
#1282 = EDGE_CURVE('',#1283,#1275,#1285,.T.);
#1283 = VERTEX_POINT('',#1284);
#1284 = CARTESIAN_POINT('',(120.7,-87.325,19.51));
#1285 = LINE('',#1286,#1287);
#1286 = CARTESIAN_POINT('',(120.7,-87.325,19.51));
#1287 = VECTOR('',#1288,1.);
#1288 = DIRECTION('',(-1.,0.,0.));
#1289 = ORIENTED_EDGE('',*,*,#1290,.F.);
#1290 = EDGE_CURVE('',#1291,#1283,#1293,.T.);
#1291 = VERTEX_POINT('',#1292);
#1292 = CARTESIAN_POINT('',(120.7,-89.825,19.51));
#1293 = LINE('',#1294,#1295);
#1294 = CARTESIAN_POINT('',(120.7,-89.825,19.51));
#1295 = VECTOR('',#1296,1.);
#1296 = DIRECTION('',(0.,1.,0.));
#1297 = ORIENTED_EDGE('',*,*,#1298,.F.);
#1298 = EDGE_CURVE('',#1299,#1291,#1301,.T.);
#1299 = VERTEX_POINT('',#1300);
#1300 = CARTESIAN_POINT('',(36.7,-89.825,19.51));
#1301 = LINE('',#1302,#1303);
#1302 = CARTESIAN_POINT('',(35.699999999873,-89.825,19.51));
#1303 = VECTOR('',#1304,1.);
#1304 = DIRECTION('',(1.,0.,0.));
#1305 = ORIENTED_EDGE('',*,*,#1306,.F.);
#1306 = EDGE_CURVE('',#1307,#1299,#1309,.T.);
#1307 = VERTEX_POINT('',#1308);
#1308 = CARTESIAN_POINT('',(36.7,-92.325,19.51));
#1309 = LINE('',#1310,#1311);
#1310 = CARTESIAN_POINT('',(36.7,-92.325,19.51));
#1311 = VECTOR('',#1312,1.);
#1312 = DIRECTION('',(0.,1.,0.));
#1313 = ORIENTED_EDGE('',*,*,#1314,.F.);
#1314 = EDGE_CURVE('',#1315,#1307,#1317,.T.);
#1315 = VERTEX_POINT('',#1316);
#1316 = CARTESIAN_POINT('',(120.7,-92.325,19.51));
#1317 = LINE('',#1318,#1319);
#1318 = CARTESIAN_POINT('',(120.7,-92.325,19.51));
#1319 = VECTOR('',#1320,1.);
#1320 = DIRECTION('',(-1.,0.,0.));
#1321 = ORIENTED_EDGE('',*,*,#1322,.F.);
#1322 = EDGE_CURVE('',#1323,#1315,#1325,.T.);
#1323 = VERTEX_POINT('',#1324);
#1324 = CARTESIAN_POINT('',(120.7,-94.825,19.51));
#1325 = LINE('',#1326,#1327);
#1326 = CARTESIAN_POINT('',(120.7,-94.825,19.51));
#1327 = VECTOR('',#1328,1.);
#1328 = DIRECTION('',(0.,1.,0.));
#1329 = ORIENTED_EDGE('',*,*,#1330,.F.);
#1330 = EDGE_CURVE('',#1331,#1323,#1333,.T.);
#1331 = VERTEX_POINT('',#1332);
#1332 = CARTESIAN_POINT('',(36.7,-94.825,19.51));
#1333 = LINE('',#1334,#1335);
#1334 = CARTESIAN_POINT('',(35.699999999916,-94.825,19.51));
#1335 = VECTOR('',#1336,1.);
#1336 = DIRECTION('',(1.,0.,0.));
#1337 = ORIENTED_EDGE('',*,*,#1338,.F.);
#1338 = EDGE_CURVE('',#1339,#1331,#1341,.T.);
#1339 = VERTEX_POINT('',#1340);
#1340 = CARTESIAN_POINT('',(36.7,-97.325,19.51));
#1341 = LINE('',#1342,#1343);
#1342 = CARTESIAN_POINT('',(36.7,-97.325,19.51));
#1343 = VECTOR('',#1344,1.);
#1344 = DIRECTION('',(0.,1.,0.));
#1345 = ORIENTED_EDGE('',*,*,#1346,.F.);
#1346 = EDGE_CURVE('',#1347,#1339,#1349,.T.);
#1347 = VERTEX_POINT('',#1348);
#1348 = CARTESIAN_POINT('',(120.7,-97.325,19.51));
#1349 = LINE('',#1350,#1351);
#1350 = CARTESIAN_POINT('',(120.7,-97.325,19.51));
#1351 = VECTOR('',#1352,1.);
#1352 = DIRECTION('',(-1.,0.,0.));
#1353 = ORIENTED_EDGE('',*,*,#1354,.F.);
#1354 = EDGE_CURVE('',#1355,#1347,#1357,.T.);
#1355 = VERTEX_POINT('',#1356);
#1356 = CARTESIAN_POINT('',(120.7,-99.825,19.51));
#1357 = LINE('',#1358,#1359);
#1358 = CARTESIAN_POINT('',(120.7,-99.825,19.51));
#1359 = VECTOR('',#1360,1.);
#1360 = DIRECTION('',(0.,1.,0.));
#1361 = ORIENTED_EDGE('',*,*,#1362,.F.);
#1362 = EDGE_CURVE('',#1363,#1355,#1365,.T.);
#1363 = VERTEX_POINT('',#1364);
#1364 = CARTESIAN_POINT('',(36.7,-99.825,19.51));
#1365 = LINE('',#1366,#1367);
#1366 = CARTESIAN_POINT('',(35.699999999959,-99.825,19.51));
#1367 = VECTOR('',#1368,1.);
#1368 = DIRECTION('',(1.,0.,0.));
#1369 = ORIENTED_EDGE('',*,*,#1370,.F.);
#1370 = EDGE_CURVE('',#1371,#1363,#1373,.T.);
#1371 = VERTEX_POINT('',#1372);
#1372 = CARTESIAN_POINT('',(36.7,-102.325,19.51));
#1373 = LINE('',#1374,#1375);
#1374 = CARTESIAN_POINT('',(36.7,-102.325,19.51));
#1375 = VECTOR('',#1376,1.);
#1376 = DIRECTION('',(0.,1.,0.));
#1377 = ORIENTED_EDGE('',*,*,#1378,.F.);
#1378 = EDGE_CURVE('',#1379,#1371,#1381,.T.);
#1379 = VERTEX_POINT('',#1380);
#1380 = CARTESIAN_POINT('',(120.7,-102.325,19.51));
#1381 = LINE('',#1382,#1383);
#1382 = CARTESIAN_POINT('',(120.7,-102.325,19.51));
#1383 = VECTOR('',#1384,1.);
#1384 = DIRECTION('',(-1.,0.,0.));
#1385 = ORIENTED_EDGE('',*,*,#1386,.F.);
#1386 = EDGE_CURVE('',#1387,#1379,#1389,.T.);
#1387 = VERTEX_POINT('',#1388);
#1388 = CARTESIAN_POINT('',(120.7,-104.825,19.51));
#1389 = LINE('',#1390,#1391);
#1390 = CARTESIAN_POINT('',(120.7,-104.825,19.51));
#1391 = VECTOR('',#1392,1.);
#1392 = DIRECTION('',(0.,1.,0.));
#1393 = ORIENTED_EDGE('',*,*,#1394,.F.);
#1394 = EDGE_CURVE('',#1395,#1387,#1397,.T.);
#1395 = VERTEX_POINT('',#1396);
#1396 = CARTESIAN_POINT('',(36.7,-104.825,19.51));
#1397 = LINE('',#1398,#1399);
#1398 = CARTESIAN_POINT('',(35.700000000003,-104.825,19.51));
#1399 = VECTOR('',#1400,1.);
#1400 = DIRECTION('',(1.,0.,0.));
#1401 = ORIENTED_EDGE('',*,*,#1402,.F.);
#1402 = EDGE_CURVE('',#1403,#1395,#1405,.T.);
#1403 = VERTEX_POINT('',#1404);
#1404 = CARTESIAN_POINT('',(36.7,-107.325,19.51));
#1405 = LINE('',#1406,#1407);
#1406 = CARTESIAN_POINT('',(36.7,-107.325,19.51));
#1407 = VECTOR('',#1408,1.);
#1408 = DIRECTION('',(0.,1.,0.));
#1409 = ORIENTED_EDGE('',*,*,#1410,.F.);
#1410 = EDGE_CURVE('',#1411,#1403,#1413,.T.);
#1411 = VERTEX_POINT('',#1412);
#1412 = CARTESIAN_POINT('',(120.7,-107.325,19.51));
#1413 = LINE('',#1414,#1415);
#1414 = CARTESIAN_POINT('',(120.7,-107.325,19.51));
#1415 = VECTOR('',#1416,1.);
#1416 = DIRECTION('',(-1.,0.,0.));
#1417 = ORIENTED_EDGE('',*,*,#1418,.F.);
#1418 = EDGE_CURVE('',#1419,#1411,#1421,.T.);
#1419 = VERTEX_POINT('',#1420);
#1420 = CARTESIAN_POINT('',(120.7,-109.825,19.51));
#1421 = LINE('',#1422,#1423);
#1422 = CARTESIAN_POINT('',(120.7,-109.825,19.51));
#1423 = VECTOR('',#1424,1.);
#1424 = DIRECTION('',(0.,1.,0.));
#1425 = ORIENTED_EDGE('',*,*,#1426,.F.);
#1426 = EDGE_CURVE('',#1427,#1419,#1429,.T.);
#1427 = VERTEX_POINT('',#1428);
#1428 = CARTESIAN_POINT('',(36.7,-109.825,19.51));
#1429 = LINE('',#1430,#1431);
#1430 = CARTESIAN_POINT('',(35.700000000047,-109.825,19.51));
#1431 = VECTOR('',#1432,1.);
#1432 = DIRECTION('',(1.,0.,0.));
#1433 = ORIENTED_EDGE('',*,*,#1434,.F.);
#1434 = EDGE_CURVE('',#1435,#1427,#1437,.T.);
#1435 = VERTEX_POINT('',#1436);
#1436 = CARTESIAN_POINT('',(36.7,-112.325,19.51));
#1437 = LINE('',#1438,#1439);
#1438 = CARTESIAN_POINT('',(36.7,-112.325,19.51));
#1439 = VECTOR('',#1440,1.);
#1440 = DIRECTION('',(0.,1.,0.));
#1441 = ORIENTED_EDGE('',*,*,#1442,.F.);
#1442 = EDGE_CURVE('',#1443,#1435,#1445,.T.);
#1443 = VERTEX_POINT('',#1444);
#1444 = CARTESIAN_POINT('',(120.7,-112.325,19.51));
#1445 = LINE('',#1446,#1447);
#1446 = CARTESIAN_POINT('',(120.7,-112.325,19.51));
#1447 = VECTOR('',#1448,1.);
#1448 = DIRECTION('',(-1.,0.,0.));
#1449 = ORIENTED_EDGE('',*,*,#1450,.F.);
#1450 = EDGE_CURVE('',#1451,#1443,#1453,.T.);
#1451 = VERTEX_POINT('',#1452);
#1452 = CARTESIAN_POINT('',(120.7,-114.825,19.51));
#1453 = LINE('',#1454,#1455);
#1454 = CARTESIAN_POINT('',(120.7,-114.825,19.51));
#1455 = VECTOR('',#1456,1.);
#1456 = DIRECTION('',(0.,1.,0.));
#1457 = ORIENTED_EDGE('',*,*,#1458,.F.);
#1458 = EDGE_CURVE('',#1459,#1451,#1461,.T.);
#1459 = VERTEX_POINT('',#1460);
#1460 = CARTESIAN_POINT('',(36.7,-114.825,19.51));
#1461 = LINE('',#1462,#1463);
#1462 = CARTESIAN_POINT('',(35.70000000009,-114.825,19.51));
#1463 = VECTOR('',#1464,1.);
#1464 = DIRECTION('',(1.,0.,0.));
#1465 = ORIENTED_EDGE('',*,*,#1466,.F.);
#1466 = EDGE_CURVE('',#1467,#1459,#1469,.T.);
#1467 = VERTEX_POINT('',#1468);
#1468 = CARTESIAN_POINT('',(36.7,-118.3249998935,19.51));
#1469 = LINE('',#1470,#1471);
#1470 = CARTESIAN_POINT('',(36.7,-118.325,19.51));
#1471 = VECTOR('',#1472,1.);
#1472 = DIRECTION('',(0.,1.,0.));
#1473 = ORIENTED_EDGE('',*,*,#1474,.F.);
#1474 = EDGE_CURVE('',#1475,#1467,#1477,.T.);
#1475 = VERTEX_POINT('',#1476);
#1476 = CARTESIAN_POINT('',(39.7,-121.325,19.51));
#1477 = CIRCLE('',#1478,3.00000042591);
#1478 = AXIS2_PLACEMENT_3D('',#1479,#1480,#1481);
#1479 = CARTESIAN_POINT('',(39.70000042591,-118.324999574,19.51));
#1480 = DIRECTION('',(-0.,0.,-1.));
#1481 = DIRECTION('',(-1.0647753722E-07,-1.,0.));
#1482 = ORIENTED_EDGE('',*,*,#1483,.F.);
#1483 = EDGE_CURVE('',#1484,#1475,#1486,.T.);
#1484 = VERTEX_POINT('',#1485);
#1485 = CARTESIAN_POINT('',(151.69999989352,-121.3249999999,19.51));
#1486 = LINE('',#1487,#1488);
#1487 = CARTESIAN_POINT('',(151.7,-121.325,19.51));
#1488 = VECTOR('',#1489,1.);
#1489 = DIRECTION('',(-1.,0.,0.));
#1490 = ORIENTED_EDGE('',*,*,#1491,.F.);
#1491 = EDGE_CURVE('',#1492,#1484,#1494,.T.);
#1492 = VERTEX_POINT('',#1493);
#1493 = CARTESIAN_POINT('',(154.7,-118.3249999999,19.51));
#1494 = CIRCLE('',#1495,3.00000042591);
#1495 = AXIS2_PLACEMENT_3D('',#1496,#1497,#1498);
#1496 = CARTESIAN_POINT('',(151.69999957409,-118.324999574,19.51));
#1497 = DIRECTION('',(0.,-0.,-1.));
#1498 = DIRECTION('',(1.,-1.0647753544E-07,0.));
#1499 = ORIENTED_EDGE('',*,*,#1500,.F.);
#1500 = EDGE_CURVE('',#135,#1492,#1501,.T.);
#1501 = LINE('',#1502,#1503);
#1502 = CARTESIAN_POINT('',(154.7,-69.325,19.51));
#1503 = VECTOR('',#1504,1.);
#1504 = DIRECTION('',(0.,-1.,0.));
#1505 = ORIENTED_EDGE('',*,*,#134,.F.);
#1506 = ORIENTED_EDGE('',*,*,#306,.F.);
#1507 = ORIENTED_EDGE('',*,*,#1508,.F.);
#1508 = EDGE_CURVE('',#1509,#299,#1511,.T.);
#1509 = VERTEX_POINT('',#1510);
#1510 = CARTESIAN_POINT('',(36.7,-69.325,19.51));
#1511 = CIRCLE('',#1512,3.00000042591);
#1512 = AXIS2_PLACEMENT_3D('',#1513,#1514,#1515);
#1513 = CARTESIAN_POINT('',(39.70000042591,-69.32500042591,19.51));
#1514 = DIRECTION('',(0.,0.,-1.));
#1515 = DIRECTION('',(-1.,1.0647753189E-07,0.));
#1516 = ORIENTED_EDGE('',*,*,#1517,.F.);
#1517 = EDGE_CURVE('',#1187,#1509,#1518,.T.);
#1518 = LINE('',#1519,#1520);
#1519 = CARTESIAN_POINT('',(36.7,-72.325,19.51));
#1520 = VECTOR('',#1521,1.);
#1521 = DIRECTION('',(0.,1.,0.));
#1522 = FACE_BOUND('',#1523,.T.);
#1523 = EDGE_LOOP('',(#1524));
#1524 = ORIENTED_EDGE('',*,*,#1525,.F.);
#1525 = EDGE_CURVE('',#1526,#1526,#1528,.T.);
#1526 = VERTEX_POINT('',#1527);
#1527 = CARTESIAN_POINT('',(41.35,-118.32,19.51));
#1528 = CIRCLE('',#1529,1.6);
#1529 = AXIS2_PLACEMENT_3D('',#1530,#1531,#1532);
#1530 = CARTESIAN_POINT('',(39.75,-118.32,19.51));
#1531 = DIRECTION('',(0.,0.,1.));
#1532 = DIRECTION('',(1.,0.,0.));
#1533 = FACE_BOUND('',#1534,.T.);
#1534 = EDGE_LOOP('',(#1535));
#1535 = ORIENTED_EDGE('',*,*,#1536,.F.);
#1536 = EDGE_CURVE('',#1537,#1537,#1539,.T.);
#1537 = VERTEX_POINT('',#1538);
#1538 = CARTESIAN_POINT('',(153.46,-118.46,19.51));
#1539 = CIRCLE('',#1540,1.6);
#1540 = AXIS2_PLACEMENT_3D('',#1541,#1542,#1543);
#1541 = CARTESIAN_POINT('',(151.86,-118.46,19.51));
#1542 = DIRECTION('',(0.,0.,1.));
#1543 = DIRECTION('',(1.,0.,0.));
#1544 = FACE_BOUND('',#1545,.T.);
#1545 = EDGE_LOOP('',(#1546));
#1546 = ORIENTED_EDGE('',*,*,#1547,.T.);
#1547 = EDGE_CURVE('',#1548,#1548,#1550,.T.);
#1548 = VERTEX_POINT('',#1549);
#1549 = CARTESIAN_POINT('',(127.2,-110.9,19.51));
#1550 = CIRCLE('',#1551,1.5);
#1551 = AXIS2_PLACEMENT_3D('',#1552,#1553,#1554);
#1552 = CARTESIAN_POINT('',(125.7,-110.9,19.51));
#1553 = DIRECTION('',(0.,0.,-1.));
#1554 = DIRECTION('',(1.,0.,0.));
#1555 = FACE_BOUND('',#1556,.T.);
#1556 = EDGE_LOOP('',(#1557));
#1557 = ORIENTED_EDGE('',*,*,#1558,.F.);
#1558 = EDGE_CURVE('',#1559,#1559,#1561,.T.);
#1559 = VERTEX_POINT('',#1560);
#1560 = CARTESIAN_POINT('',(144.85,-113.5,19.51));
#1561 = CIRCLE('',#1562,7.);
#1562 = AXIS2_PLACEMENT_3D('',#1563,#1564,#1565);
#1563 = CARTESIAN_POINT('',(137.85,-113.5,19.51));
#1564 = DIRECTION('',(0.,0.,1.));
#1565 = DIRECTION('',(1.,0.,0.));
#1566 = FACE_BOUND('',#1567,.T.);
#1567 = EDGE_LOOP('',(#1568));
#1568 = ORIENTED_EDGE('',*,*,#1569,.T.);
#1569 = EDGE_CURVE('',#1570,#1570,#1572,.T.);
#1570 = VERTEX_POINT('',#1571);
#1571 = CARTESIAN_POINT('',(153.2,-110.9,19.51));
#1572 = CIRCLE('',#1573,1.5);
#1573 = AXIS2_PLACEMENT_3D('',#1574,#1575,#1576);
#1574 = CARTESIAN_POINT('',(151.7,-110.9,19.51));
#1575 = DIRECTION('',(0.,0.,-1.));
#1576 = DIRECTION('',(1.,0.,0.));
#1577 = FACE_BOUND('',#1578,.T.);
#1578 = EDGE_LOOP('',(#1579));
#1579 = ORIENTED_EDGE('',*,*,#1580,.F.);
#1580 = EDGE_CURVE('',#1581,#1581,#1583,.T.);
#1581 = VERTEX_POINT('',#1582);
#1582 = CARTESIAN_POINT('',(41.24,-69.09,19.51));
#1583 = CIRCLE('',#1584,1.6);
#1584 = AXIS2_PLACEMENT_3D('',#1585,#1586,#1587);
#1585 = CARTESIAN_POINT('',(39.64,-69.09,19.51));
#1586 = DIRECTION('',(0.,0.,1.));
#1587 = DIRECTION('',(1.,0.,0.));
#1588 = FACE_BOUND('',#1589,.T.);
#1589 = EDGE_LOOP('',(#1590,#1600,#1609,#1617,#1626,#1634,#1643,#1651));
#1590 = ORIENTED_EDGE('',*,*,#1591,.F.);
#1591 = EDGE_CURVE('',#1592,#1594,#1596,.T.);
#1592 = VERTEX_POINT('',#1593);
#1593 = CARTESIAN_POINT('',(130.22960937243,-84.03898600648,19.51));
#1594 = VERTEX_POINT('',#1595);
#1595 = CARTESIAN_POINT('',(130.22960937243,-92.44898600648,19.51));
#1596 = LINE('',#1597,#1598);
#1597 = CARTESIAN_POINT('',(130.22960937243,-84.03898600648,19.51));
#1598 = VECTOR('',#1599,1.);
#1599 = DIRECTION('',(0.,-1.,0.));
#1600 = ORIENTED_EDGE('',*,*,#1601,.F.);
#1601 = EDGE_CURVE('',#1602,#1592,#1604,.T.);
#1602 = VERTEX_POINT('',#1603);
#1603 = CARTESIAN_POINT('',(132.22960937243,-82.03898600648,19.51));
#1604 = CIRCLE('',#1605,2.);
#1605 = AXIS2_PLACEMENT_3D('',#1606,#1607,#1608);
#1606 = CARTESIAN_POINT('',(132.22960937243,-84.03898600648,19.51));
#1607 = DIRECTION('',(0.,0.,1.));
#1608 = DIRECTION('',(1.,0.,0.));
#1609 = ORIENTED_EDGE('',*,*,#1610,.F.);
#1610 = EDGE_CURVE('',#1611,#1602,#1613,.T.);
#1611 = VERTEX_POINT('',#1612);
#1612 = CARTESIAN_POINT('',(150.66960937243,-82.03898600648,19.51));
#1613 = LINE('',#1614,#1615);
#1614 = CARTESIAN_POINT('',(150.66960937243,-82.03898600648,19.51));
#1615 = VECTOR('',#1616,1.);
#1616 = DIRECTION('',(-1.,0.,0.));
#1617 = ORIENTED_EDGE('',*,*,#1618,.F.);
#1618 = EDGE_CURVE('',#1619,#1611,#1621,.T.);
#1619 = VERTEX_POINT('',#1620);
#1620 = CARTESIAN_POINT('',(152.66960937243,-84.03898600648,19.51));
#1621 = CIRCLE('',#1622,2.);
#1622 = AXIS2_PLACEMENT_3D('',#1623,#1624,#1625);
#1623 = CARTESIAN_POINT('',(150.66960937243,-84.03898600648,19.51));
#1624 = DIRECTION('',(0.,0.,1.));
#1625 = DIRECTION('',(1.,0.,0.));
#1626 = ORIENTED_EDGE('',*,*,#1627,.F.);
#1627 = EDGE_CURVE('',#1628,#1619,#1630,.T.);
#1628 = VERTEX_POINT('',#1629);
#1629 = CARTESIAN_POINT('',(152.66960937243,-92.44898600648,19.51));
#1630 = LINE('',#1631,#1632);
#1631 = CARTESIAN_POINT('',(152.66960937243,-92.44898600648,19.51));
#1632 = VECTOR('',#1633,1.);
#1633 = DIRECTION('',(0.,1.,0.));
#1634 = ORIENTED_EDGE('',*,*,#1635,.F.);
#1635 = EDGE_CURVE('',#1636,#1628,#1638,.T.);
#1636 = VERTEX_POINT('',#1637);
#1637 = CARTESIAN_POINT('',(150.66960937243,-94.44898600648,19.51));
#1638 = CIRCLE('',#1639,2.);
#1639 = AXIS2_PLACEMENT_3D('',#1640,#1641,#1642);
#1640 = CARTESIAN_POINT('',(150.66960937243,-92.44898600648,19.51));
#1641 = DIRECTION('',(0.,0.,1.));
#1642 = DIRECTION('',(1.,0.,0.));
#1643 = ORIENTED_EDGE('',*,*,#1644,.F.);
#1644 = EDGE_CURVE('',#1645,#1636,#1647,.T.);
#1645 = VERTEX_POINT('',#1646);
#1646 = CARTESIAN_POINT('',(132.22960937243,-94.44898600648,19.51));
#1647 = LINE('',#1648,#1649);
#1648 = CARTESIAN_POINT('',(132.22960937243,-94.44898600648,19.51));
#1649 = VECTOR('',#1650,1.);
#1650 = DIRECTION('',(1.,0.,0.));
#1651 = ORIENTED_EDGE('',*,*,#1652,.F.);
#1652 = EDGE_CURVE('',#1594,#1645,#1653,.T.);
#1653 = CIRCLE('',#1654,2.);
#1654 = AXIS2_PLACEMENT_3D('',#1655,#1656,#1657);
#1655 = CARTESIAN_POINT('',(132.22960937243,-92.44898600648,19.51));
#1656 = DIRECTION('',(0.,0.,1.));
#1657 = DIRECTION('',(1.,0.,0.));
#1658 = FACE_BOUND('',#1659,.T.);
#1659 = EDGE_LOOP('',(#1660));
#1660 = ORIENTED_EDGE('',*,*,#1661,.T.);
#1661 = EDGE_CURVE('',#1662,#1662,#1664,.T.);
#1662 = VERTEX_POINT('',#1663);
#1663 = CARTESIAN_POINT('',(143.2,-71.7,19.51));
#1664 = CIRCLE('',#1665,1.5);
#1665 = AXIS2_PLACEMENT_3D('',#1666,#1667,#1668);
#1666 = CARTESIAN_POINT('',(141.7,-71.7,19.51));
#1667 = DIRECTION('',(0.,0.,-1.));
#1668 = DIRECTION('',(1.,0.,0.));
#1669 = FACE_BOUND('',#1670,.T.);
#1670 = EDGE_LOOP('',(#1671));
#1671 = ORIENTED_EDGE('',*,*,#1672,.F.);
#1672 = EDGE_CURVE('',#1673,#1673,#1675,.T.);
#1673 = VERTEX_POINT('',#1674);
#1674 = CARTESIAN_POINT('',(153.44,-69.23,19.51));
#1675 = CIRCLE('',#1676,1.6);
#1676 = AXIS2_PLACEMENT_3D('',#1677,#1678,#1679);
#1677 = CARTESIAN_POINT('',(151.84,-69.23,19.51));
#1678 = DIRECTION('',(0.,0.,1.));
#1679 = DIRECTION('',(1.,0.,0.));
#1680 = PLANE('',#1681);
#1681 = AXIS2_PLACEMENT_3D('',#1682,#1683,#1684);
#1682 = CARTESIAN_POINT('',(95.706343072936,-93.82062546694,19.51));
#1683 = DIRECTION('',(0.,0.,1.));
#1684 = DIRECTION('',(1.,0.,0.));
#1685 = ADVANCED_FACE('',(#1686),#1697,.T.);
#1686 = FACE_BOUND('',#1687,.T.);
#1687 = EDGE_LOOP('',(#1688,#1689,#1690,#1696));
#1688 = ORIENTED_EDGE('',*,*,#143,.F.);
#1689 = ORIENTED_EDGE('',*,*,#1500,.T.);
#1690 = ORIENTED_EDGE('',*,*,#1691,.T.);
#1691 = EDGE_CURVE('',#1492,#213,#1692,.T.);
#1692 = LINE('',#1693,#1694);
#1693 = CARTESIAN_POINT('',(155.2,-118.3249999999,19.01));
#1694 = VECTOR('',#1695,1.);
#1695 = DIRECTION('',(0.707106781187,0.,-0.707106781187));
#1696 = ORIENTED_EDGE('',*,*,#284,.F.);
#1697 = PLANE('',#1698);
#1698 = AXIS2_PLACEMENT_3D('',#1699,#1700,#1701);
#1699 = CARTESIAN_POINT('',(155.2,-69.325,19.01));
#1700 = DIRECTION('',(0.707106781187,0.,0.707106781187));
#1701 = DIRECTION('',(0.,-1.,0.));
#1702 = ADVANCED_FACE('',(#1703),#1714,.T.);
#1703 = FACE_BOUND('',#1704,.T.);
#1704 = EDGE_LOOP('',(#1705,#1706,#1707,#1708));
#1705 = ORIENTED_EDGE('',*,*,#177,.F.);
#1706 = ORIENTED_EDGE('',*,*,#276,.T.);
#1707 = ORIENTED_EDGE('',*,*,#514,.T.);
#1708 = ORIENTED_EDGE('',*,*,#1709,.F.);
#1709 = EDGE_CURVE('',#169,#515,#1710,.T.);
#1710 = LINE('',#1711,#1712);
#1711 = CARTESIAN_POINT('',(150.35901833537,-72.825,1.51));
#1712 = VECTOR('',#1713,1.);
#1713 = DIRECTION('',(0.,0.,1.));
#1714 = PLANE('',#1715);
#1715 = AXIS2_PLACEMENT_3D('',#1716,#1717,#1718);
#1716 = CARTESIAN_POINT('',(155.7,-72.825,1.51));
#1717 = DIRECTION('',(0.,-1.,0.));
#1718 = DIRECTION('',(-1.,0.,0.));
#1719 = ADVANCED_FACE('',(#1720),#1726,.T.);
#1720 = FACE_BOUND('',#1721,.T.);
#1721 = EDGE_LOOP('',(#1722,#1723,#1724,#1725));
#1722 = ORIENTED_EDGE('',*,*,#168,.F.);
#1723 = ORIENTED_EDGE('',*,*,#1709,.T.);
#1724 = ORIENTED_EDGE('',*,*,#522,.T.);
#1725 = ORIENTED_EDGE('',*,*,#365,.F.);
#1726 = CYLINDRICAL_SURFACE('',#1727,2.507807546441);
#1727 = AXIS2_PLACEMENT_3D('',#1728,#1729,#1730);
#1728 = CARTESIAN_POINT('',(150.68635290523,-70.33864709476,1.51));
#1729 = DIRECTION('',(0.,0.,-1.));
#1730 = DIRECTION('',(1.,0.,0.));
#1731 = ADVANCED_FACE('',(#1732),#1743,.F.);
#1732 = FACE_BOUND('',#1733,.T.);
#1733 = EDGE_LOOP('',(#1734,#1740,#1741,#1742));
#1734 = ORIENTED_EDGE('',*,*,#1735,.T.);
#1735 = EDGE_CURVE('',#194,#1673,#1736,.T.);
#1736 = LINE('',#1737,#1738);
#1737 = CARTESIAN_POINT('',(153.44,-69.23,1.51));
#1738 = VECTOR('',#1739,1.);
#1739 = DIRECTION('',(0.,0.,1.));
#1740 = ORIENTED_EDGE('',*,*,#1672,.T.);
#1741 = ORIENTED_EDGE('',*,*,#1735,.F.);
#1742 = ORIENTED_EDGE('',*,*,#193,.F.);
#1743 = CYLINDRICAL_SURFACE('',#1744,1.6);
#1744 = AXIS2_PLACEMENT_3D('',#1745,#1746,#1747);
#1745 = CARTESIAN_POINT('',(151.84,-69.23,1.51));
#1746 = DIRECTION('',(-0.,-0.,-1.));
#1747 = DIRECTION('',(1.,0.,0.));
#1748 = ADVANCED_FACE('',(#1749),#1776,.T.);
#1749 = FACE_BOUND('',#1750,.T.);
#1750 = EDGE_LOOP('',(#1751,#1752,#1761,#1769));
#1751 = ORIENTED_EDGE('',*,*,#210,.T.);
#1752 = ORIENTED_EDGE('',*,*,#1753,.T.);
#1753 = EDGE_CURVE('',#213,#1754,#1756,.T.);
#1754 = VERTEX_POINT('',#1755);
#1755 = CARTESIAN_POINT('',(151.7,-122.3249999999,18.51));
#1756 = CIRCLE('',#1757,4.00000042591);
#1757 = AXIS2_PLACEMENT_3D('',#1758,#1759,#1760);
#1758 = CARTESIAN_POINT('',(151.69999957409,-118.324999574,18.51));
#1759 = DIRECTION('',(0.,-0.,-1.));
#1760 = DIRECTION('',(1.,-1.0647753544E-07,0.));
#1761 = ORIENTED_EDGE('',*,*,#1762,.F.);
#1762 = EDGE_CURVE('',#1763,#1754,#1765,.T.);
#1763 = VERTEX_POINT('',#1764);
#1764 = CARTESIAN_POINT('',(151.7,-122.3249999999,1.51));
#1765 = LINE('',#1766,#1767);
#1766 = CARTESIAN_POINT('',(151.7,-122.3249999999,1.51));
#1767 = VECTOR('',#1768,1.);
#1768 = DIRECTION('',(0.,0.,1.));
#1769 = ORIENTED_EDGE('',*,*,#1770,.F.);
#1770 = EDGE_CURVE('',#211,#1763,#1771,.T.);
#1771 = CIRCLE('',#1772,4.00000042591);
#1772 = AXIS2_PLACEMENT_3D('',#1773,#1774,#1775);
#1773 = CARTESIAN_POINT('',(151.69999957409,-118.324999574,1.51));
#1774 = DIRECTION('',(0.,0.,-1.));
#1775 = DIRECTION('',(1.,-1.0647753544E-07,0.));
#1776 = CYLINDRICAL_SURFACE('',#1777,4.00000042591);
#1777 = AXIS2_PLACEMENT_3D('',#1778,#1779,#1780);
#1778 = CARTESIAN_POINT('',(151.69999957409,-118.324999574,1.51));
#1779 = DIRECTION('',(0.,0.,-1.));
#1780 = DIRECTION('',(1.,-1.0647753544E-07,0.));
#1781 = ADVANCED_FACE('',(#1782,#1817),#1828,.F.);
#1782 = FACE_BOUND('',#1783,.F.);
#1783 = EDGE_LOOP('',(#1784,#1785,#1793,#1802,#1810,#1816));
#1784 = ORIENTED_EDGE('',*,*,#220,.F.);
#1785 = ORIENTED_EDGE('',*,*,#1786,.T.);
#1786 = EDGE_CURVE('',#221,#1787,#1789,.T.);
#1787 = VERTEX_POINT('',#1788);
#1788 = CARTESIAN_POINT('',(150.38493442741,-114.825,1.51));
#1789 = LINE('',#1790,#1791);
#1790 = CARTESIAN_POINT('',(155.7,-114.825,1.51));
#1791 = VECTOR('',#1792,1.);
#1792 = DIRECTION('',(-1.,-2.67E-15,0.));
#1793 = ORIENTED_EDGE('',*,*,#1794,.F.);
#1794 = EDGE_CURVE('',#1795,#1787,#1797,.T.);
#1795 = VERTEX_POINT('',#1796);
#1796 = CARTESIAN_POINT('',(148.2,-117.0099344274,1.51));
#1797 = CIRCLE('',#1798,2.537910380734);
#1798 = AXIS2_PLACEMENT_3D('',#1799,#1800,#1801);
#1799 = CARTESIAN_POINT('',(150.7161982056,-117.3411982056,1.51));
#1800 = DIRECTION('',(0.,0.,-1.));
#1801 = DIRECTION('',(1.,0.,0.));
#1802 = ORIENTED_EDGE('',*,*,#1803,.F.);
#1803 = EDGE_CURVE('',#1804,#1795,#1806,.T.);
#1804 = VERTEX_POINT('',#1805);
#1805 = CARTESIAN_POINT('',(148.2,-122.325,1.51));
#1806 = LINE('',#1807,#1808);
#1807 = CARTESIAN_POINT('',(148.2,-122.325,1.51));
#1808 = VECTOR('',#1809,1.);
#1809 = DIRECTION('',(5.35E-15,1.,0.));
#1810 = ORIENTED_EDGE('',*,*,#1811,.F.);
#1811 = EDGE_CURVE('',#1763,#1804,#1812,.T.);
#1812 = LINE('',#1813,#1814);
#1813 = CARTESIAN_POINT('',(151.7,-122.325,1.51));
#1814 = VECTOR('',#1815,1.);
#1815 = DIRECTION('',(-1.,0.,0.));
#1816 = ORIENTED_EDGE('',*,*,#1770,.F.);
#1817 = FACE_BOUND('',#1818,.F.);
#1818 = EDGE_LOOP('',(#1819));
#1819 = ORIENTED_EDGE('',*,*,#1820,.F.);
#1820 = EDGE_CURVE('',#1821,#1821,#1823,.T.);
#1821 = VERTEX_POINT('',#1822);
#1822 = CARTESIAN_POINT('',(153.46,-118.46,1.51));
#1823 = CIRCLE('',#1824,1.6);
#1824 = AXIS2_PLACEMENT_3D('',#1825,#1826,#1827);
#1825 = CARTESIAN_POINT('',(151.86,-118.46,1.51));
#1826 = DIRECTION('',(0.,0.,1.));
#1827 = DIRECTION('',(1.,0.,0.));
#1828 = PLANE('',#1829);
#1829 = AXIS2_PLACEMENT_3D('',#1830,#1831,#1832);
#1830 = CARTESIAN_POINT('',(95.706343072936,-93.82062546694,1.51));
#1831 = DIRECTION('',(0.,0.,1.));
#1832 = DIRECTION('',(1.,0.,0.));
#1833 = ADVANCED_FACE('',(#1834),#1845,.F.);
#1834 = FACE_BOUND('',#1835,.F.);
#1835 = EDGE_LOOP('',(#1836,#1837,#1838,#1839));
#1836 = ORIENTED_EDGE('',*,*,#1786,.F.);
#1837 = ORIENTED_EDGE('',*,*,#228,.T.);
#1838 = ORIENTED_EDGE('',*,*,#466,.T.);
#1839 = ORIENTED_EDGE('',*,*,#1840,.F.);
#1840 = EDGE_CURVE('',#1787,#458,#1841,.T.);
#1841 = LINE('',#1842,#1843);
#1842 = CARTESIAN_POINT('',(150.38493442741,-114.825,1.51));
#1843 = VECTOR('',#1844,1.);
#1844 = DIRECTION('',(0.,0.,1.));
#1845 = PLANE('',#1846);
#1846 = AXIS2_PLACEMENT_3D('',#1847,#1848,#1849);
#1847 = CARTESIAN_POINT('',(155.7,-114.825,1.51));
#1848 = DIRECTION('',(2.67E-15,-1.,0.));
#1849 = DIRECTION('',(-1.,-2.67E-15,0.));
#1850 = ADVANCED_FACE('',(#1851),#1869,.F.);
#1851 = FACE_BOUND('',#1852,.F.);
#1852 = EDGE_LOOP('',(#1853,#1854,#1862,#1868));
#1853 = ORIENTED_EDGE('',*,*,#244,.T.);
#1854 = ORIENTED_EDGE('',*,*,#1855,.T.);
#1855 = EDGE_CURVE('',#245,#1856,#1858,.T.);
#1856 = VERTEX_POINT('',#1857);
#1857 = CARTESIAN_POINT('',(129.09960937243,-105.103987034,16.095));
#1858 = LINE('',#1859,#1860);
#1859 = CARTESIAN_POINT('',(155.7,-105.103987034,16.095));
#1860 = VECTOR('',#1861,1.);
#1861 = DIRECTION('',(-1.,0.,0.));
#1862 = ORIENTED_EDGE('',*,*,#1863,.F.);
#1863 = EDGE_CURVE('',#474,#1856,#1864,.T.);
#1864 = LINE('',#1865,#1866);
#1865 = CARTESIAN_POINT('',(129.09960937243,-105.103987034,5.095));
#1866 = VECTOR('',#1867,1.);
#1867 = DIRECTION('',(0.,0.,1.));
#1868 = ORIENTED_EDGE('',*,*,#473,.F.);
#1869 = PLANE('',#1870);
#1870 = AXIS2_PLACEMENT_3D('',#1871,#1872,#1873);
#1871 = CARTESIAN_POINT('',(155.7,-105.103987034,5.095));
#1872 = DIRECTION('',(0.,-1.,0.));
#1873 = DIRECTION('',(-1.,0.,0.));
#1874 = ADVANCED_FACE('',(#1875,#1911),#1981,.F.);
#1875 = FACE_BOUND('',#1876,.F.);
#1876 = EDGE_LOOP('',(#1877,#1885,#1894,#1902,#1909,#1910));
#1877 = ORIENTED_EDGE('',*,*,#1878,.F.);
#1878 = EDGE_CURVE('',#1879,#253,#1881,.T.);
#1879 = VERTEX_POINT('',#1880);
#1880 = CARTESIAN_POINT('',(129.09960937243,-75.24398703403,16.095));
#1881 = LINE('',#1882,#1883);
#1882 = CARTESIAN_POINT('',(129.09960937243,-75.24398703403,16.095));
#1883 = VECTOR('',#1884,1.);
#1884 = DIRECTION('',(1.,0.,0.));
#1885 = ORIENTED_EDGE('',*,*,#1886,.F.);
#1886 = EDGE_CURVE('',#1887,#1879,#1889,.T.);
#1887 = VERTEX_POINT('',#1888);
#1888 = CARTESIAN_POINT('',(127.09960937243,-77.24398703403,16.095));
#1889 = CIRCLE('',#1890,2.);
#1890 = AXIS2_PLACEMENT_3D('',#1891,#1892,#1893);
#1891 = CARTESIAN_POINT('',(129.09960937243,-77.24398703403,16.095));
#1892 = DIRECTION('',(0.,0.,-1.));
#1893 = DIRECTION('',(1.,0.,0.));
#1894 = ORIENTED_EDGE('',*,*,#1895,.F.);
#1895 = EDGE_CURVE('',#1896,#1887,#1898,.T.);
#1896 = VERTEX_POINT('',#1897);
#1897 = CARTESIAN_POINT('',(127.09960937243,-103.103987034,16.095));
#1898 = LINE('',#1899,#1900);
#1899 = CARTESIAN_POINT('',(127.09960937243,-103.103987034,16.095));
#1900 = VECTOR('',#1901,1.);
#1901 = DIRECTION('',(0.,1.,0.));
#1902 = ORIENTED_EDGE('',*,*,#1903,.F.);
#1903 = EDGE_CURVE('',#1856,#1896,#1904,.T.);
#1904 = CIRCLE('',#1905,2.);
#1905 = AXIS2_PLACEMENT_3D('',#1906,#1907,#1908);
#1906 = CARTESIAN_POINT('',(129.09960937243,-103.103987034,16.095));
#1907 = DIRECTION('',(0.,0.,-1.));
#1908 = DIRECTION('',(1.,0.,0.));
#1909 = ORIENTED_EDGE('',*,*,#1855,.F.);
#1910 = ORIENTED_EDGE('',*,*,#252,.F.);
#1911 = FACE_BOUND('',#1912,.F.);
#1912 = EDGE_LOOP('',(#1913,#1923,#1932,#1940,#1949,#1957,#1966,#1974));
#1913 = ORIENTED_EDGE('',*,*,#1914,.F.);
#1914 = EDGE_CURVE('',#1915,#1917,#1919,.T.);
#1915 = VERTEX_POINT('',#1916);
#1916 = CARTESIAN_POINT('',(130.22960937243,-84.03898600648,16.095));
#1917 = VERTEX_POINT('',#1918);
#1918 = CARTESIAN_POINT('',(130.22960937243,-92.44898600648,16.095));
#1919 = LINE('',#1920,#1921);
#1920 = CARTESIAN_POINT('',(130.22960937243,-87.10648652025,16.095));
#1921 = VECTOR('',#1922,1.);
#1922 = DIRECTION('',(0.,-1.,0.));
#1923 = ORIENTED_EDGE('',*,*,#1924,.F.);
#1924 = EDGE_CURVE('',#1925,#1915,#1927,.T.);
#1925 = VERTEX_POINT('',#1926);
#1926 = CARTESIAN_POINT('',(132.22960937243,-82.03898600648,16.095));
#1927 = CIRCLE('',#1928,2.);
#1928 = AXIS2_PLACEMENT_3D('',#1929,#1930,#1931);
#1929 = CARTESIAN_POINT('',(132.22960937243,-84.03898600648,16.095));
#1930 = DIRECTION('',(0.,0.,1.));
#1931 = DIRECTION('',(1.,0.,0.));
#1932 = ORIENTED_EDGE('',*,*,#1933,.F.);
#1933 = EDGE_CURVE('',#1934,#1925,#1936,.T.);
#1934 = VERTEX_POINT('',#1935);
#1935 = CARTESIAN_POINT('',(150.66960937243,-82.03898600648,16.095));
#1936 = LINE('',#1937,#1938);
#1937 = CARTESIAN_POINT('',(146.14879112648,-82.03898600648,16.095));
#1938 = VECTOR('',#1939,1.);
#1939 = DIRECTION('',(-1.,0.,0.));
#1940 = ORIENTED_EDGE('',*,*,#1941,.F.);
#1941 = EDGE_CURVE('',#1942,#1934,#1944,.T.);
#1942 = VERTEX_POINT('',#1943);
#1943 = CARTESIAN_POINT('',(152.66960937243,-84.03898600648,16.095));
#1944 = CIRCLE('',#1945,2.);
#1945 = AXIS2_PLACEMENT_3D('',#1946,#1947,#1948);
#1946 = CARTESIAN_POINT('',(150.66960937243,-84.03898600648,16.095));
#1947 = DIRECTION('',(0.,0.,1.));
#1948 = DIRECTION('',(1.,0.,0.));
#1949 = ORIENTED_EDGE('',*,*,#1950,.F.);
#1950 = EDGE_CURVE('',#1951,#1942,#1953,.T.);
#1951 = VERTEX_POINT('',#1952);
#1952 = CARTESIAN_POINT('',(152.66960937243,-92.44898600648,16.095));
#1953 = LINE('',#1954,#1955);
#1954 = CARTESIAN_POINT('',(152.66960937243,-91.31148652025,16.095));
#1955 = VECTOR('',#1956,1.);
#1956 = DIRECTION('',(0.,1.,0.));
#1957 = ORIENTED_EDGE('',*,*,#1958,.F.);
#1958 = EDGE_CURVE('',#1959,#1951,#1961,.T.);
#1959 = VERTEX_POINT('',#1960);
#1960 = CARTESIAN_POINT('',(150.66960937243,-94.44898600648,16.095));
#1961 = CIRCLE('',#1962,2.);
#1962 = AXIS2_PLACEMENT_3D('',#1963,#1964,#1965);
#1963 = CARTESIAN_POINT('',(150.66960937243,-92.44898600648,16.095));
#1964 = DIRECTION('',(0.,0.,1.));
#1965 = DIRECTION('',(1.,0.,0.));
#1966 = ORIENTED_EDGE('',*,*,#1967,.F.);
#1967 = EDGE_CURVE('',#1968,#1959,#1970,.T.);
#1968 = VERTEX_POINT('',#1969);
#1969 = CARTESIAN_POINT('',(132.22960937243,-94.44898600648,16.095));
#1970 = LINE('',#1971,#1972);
#1971 = CARTESIAN_POINT('',(136.92879112648,-94.44898600648,16.095));
#1972 = VECTOR('',#1973,1.);
#1973 = DIRECTION('',(1.,0.,0.));
#1974 = ORIENTED_EDGE('',*,*,#1975,.F.);
#1975 = EDGE_CURVE('',#1917,#1968,#1976,.T.);
#1976 = CIRCLE('',#1977,2.);
#1977 = AXIS2_PLACEMENT_3D('',#1978,#1979,#1980);
#1978 = CARTESIAN_POINT('',(132.22960937243,-92.44898600648,16.095));
#1979 = DIRECTION('',(0.,0.,1.));
#1980 = DIRECTION('',(1.,0.,0.));
#1981 = PLANE('',#1982);
#1982 = AXIS2_PLACEMENT_3D('',#1983,#1984,#1985);
#1983 = CARTESIAN_POINT('',(141.62797288053,-90.17398703403,16.095));
#1984 = DIRECTION('',(0.,0.,1.));
#1985 = DIRECTION('',(1.,0.,0.));
#1986 = ADVANCED_FACE('',(#1987),#1998,.F.);
#1987 = FACE_BOUND('',#1988,.F.);
#1988 = EDGE_LOOP('',(#1989,#1995,#1996,#1997));
#1989 = ORIENTED_EDGE('',*,*,#1990,.T.);
#1990 = EDGE_CURVE('',#499,#1879,#1991,.T.);
#1991 = LINE('',#1992,#1993);
#1992 = CARTESIAN_POINT('',(129.09960937243,-75.24398703403,5.095));
#1993 = VECTOR('',#1994,1.);
#1994 = DIRECTION('',(0.,0.,1.));
#1995 = ORIENTED_EDGE('',*,*,#1878,.T.);
#1996 = ORIENTED_EDGE('',*,*,#260,.F.);
#1997 = ORIENTED_EDGE('',*,*,#507,.F.);
#1998 = PLANE('',#1999);
#1999 = AXIS2_PLACEMENT_3D('',#2000,#2001,#2002);
#2000 = CARTESIAN_POINT('',(129.09960937243,-75.24398703403,5.095));
#2001 = DIRECTION('',(0.,1.,0.));
#2002 = DIRECTION('',(1.,0.,0.));
#2003 = ADVANCED_FACE('',(#2004),#2015,.T.);
#2004 = FACE_BOUND('',#2005,.T.);
#2005 = EDGE_LOOP('',(#2006,#2012,#2013,#2014));
#2006 = ORIENTED_EDGE('',*,*,#2007,.F.);
#2007 = EDGE_CURVE('',#1509,#325,#2008,.T.);
#2008 = LINE('',#2009,#2010);
#2009 = CARTESIAN_POINT('',(36.2,-69.325,19.01));
#2010 = VECTOR('',#2011,1.);
#2011 = DIRECTION('',(-0.707106781187,0.,-0.707106781187));
#2012 = ORIENTED_EDGE('',*,*,#1508,.T.);
#2013 = ORIENTED_EDGE('',*,*,#298,.T.);
#2014 = ORIENTED_EDGE('',*,*,#332,.F.);
#2015 = CONICAL_SURFACE('',#2016,4.00000042591,0.785398163397);
#2016 = AXIS2_PLACEMENT_3D('',#2017,#2018,#2019);
#2017 = CARTESIAN_POINT('',(39.70000042591,-69.32500042591,18.51));
#2018 = DIRECTION('',(-0.,-0.,-1.));
#2019 = DIRECTION('',(-1.,1.0647753189E-07,0.));
#2020 = ADVANCED_FACE('',(#2021),#2373,.T.);
#2021 = FACE_BOUND('',#2022,.T.);
#2022 = EDGE_LOOP('',(#2023,#2024,#2025,#2031,#2032,#2040,#2048,#2054,
    #2055,#2063,#2071,#2079,#2087,#2095,#2103,#2111,#2119,#2127,#2135,
    #2143,#2151,#2159,#2167,#2175,#2183,#2191,#2199,#2207,#2215,#2223,
    #2231,#2239,#2247,#2255,#2263,#2271,#2279,#2287,#2295,#2303,#2311,
    #2319,#2327,#2335,#2343,#2351,#2359,#2367));
#2023 = ORIENTED_EDGE('',*,*,#322,.F.);
#2024 = ORIENTED_EDGE('',*,*,#389,.F.);
#2025 = ORIENTED_EDGE('',*,*,#2026,.T.);
#2026 = EDGE_CURVE('',#390,#549,#2027,.T.);
#2027 = LINE('',#2028,#2029);
#2028 = CARTESIAN_POINT('',(35.7,-72.825,1.51));
#2029 = VECTOR('',#2030,1.);
#2030 = DIRECTION('',(0.,0.,1.));
#2031 = ORIENTED_EDGE('',*,*,#556,.T.);
#2032 = ORIENTED_EDGE('',*,*,#2033,.T.);
#2033 = EDGE_CURVE('',#557,#2034,#2036,.T.);
#2034 = VERTEX_POINT('',#2035);
#2035 = CARTESIAN_POINT('',(35.7,-80.2,12.595));
#2036 = LINE('',#2037,#2038);
#2037 = CARTESIAN_POINT('',(35.7,-80.2,5.095));
#2038 = VECTOR('',#2039,1.);
#2039 = DIRECTION('',(0.,1.2E-16,1.));
#2040 = ORIENTED_EDGE('',*,*,#2041,.F.);
#2041 = EDGE_CURVE('',#2042,#2034,#2044,.T.);
#2042 = VERTEX_POINT('',#2043);
#2043 = CARTESIAN_POINT('',(35.7,-104.,12.595));
#2044 = LINE('',#2045,#2046);
#2045 = CARTESIAN_POINT('',(35.7,-104.,12.595));
#2046 = VECTOR('',#2047,1.);
#2047 = DIRECTION('',(0.,1.,0.));
#2048 = ORIENTED_EDGE('',*,*,#2049,.F.);
#2049 = EDGE_CURVE('',#599,#2042,#2050,.T.);
#2050 = LINE('',#2051,#2052);
#2051 = CARTESIAN_POINT('',(35.7,-104.,5.095));
#2052 = VECTOR('',#2053,1.);
#2053 = DIRECTION('',(0.,1.2E-16,1.));
#2054 = ORIENTED_EDGE('',*,*,#606,.T.);
#2055 = ORIENTED_EDGE('',*,*,#2056,.F.);
#2056 = EDGE_CURVE('',#2057,#607,#2059,.T.);
#2057 = VERTEX_POINT('',#2058);
#2058 = CARTESIAN_POINT('',(35.7,-114.825,1.51));
#2059 = LINE('',#2060,#2061);
#2060 = CARTESIAN_POINT('',(35.7,-114.825,1.51));
#2061 = VECTOR('',#2062,1.);
#2062 = DIRECTION('',(0.,0.,1.));
#2063 = ORIENTED_EDGE('',*,*,#2064,.F.);
#2064 = EDGE_CURVE('',#2065,#2057,#2067,.T.);
#2065 = VERTEX_POINT('',#2066);
#2066 = CARTESIAN_POINT('',(35.7,-118.325,1.51));
#2067 = LINE('',#2068,#2069);
#2068 = CARTESIAN_POINT('',(35.7,-118.325,1.51));
#2069 = VECTOR('',#2070,1.);
#2070 = DIRECTION('',(0.,1.,0.));
#2071 = ORIENTED_EDGE('',*,*,#2072,.T.);
#2072 = EDGE_CURVE('',#2065,#2073,#2075,.T.);
#2073 = VERTEX_POINT('',#2074);
#2074 = CARTESIAN_POINT('',(35.7,-118.325,18.51));
#2075 = LINE('',#2076,#2077);
#2076 = CARTESIAN_POINT('',(35.7,-118.325,1.51));
#2077 = VECTOR('',#2078,1.);
#2078 = DIRECTION('',(0.,0.,1.));
#2079 = ORIENTED_EDGE('',*,*,#2080,.T.);
#2080 = EDGE_CURVE('',#2073,#2081,#2083,.T.);
#2081 = VERTEX_POINT('',#2082);
#2082 = CARTESIAN_POINT('',(35.7,-114.825,18.51));
#2083 = LINE('',#2084,#2085);
#2084 = CARTESIAN_POINT('',(35.7,-118.325,18.51));
#2085 = VECTOR('',#2086,1.);
#2086 = DIRECTION('',(0.,1.,0.));
#2087 = ORIENTED_EDGE('',*,*,#2088,.T.);
#2088 = EDGE_CURVE('',#2081,#2089,#2091,.T.);
#2089 = VERTEX_POINT('',#2090);
#2090 = CARTESIAN_POINT('',(35.70000000009,-114.825,15.51));
#2091 = LINE('',#2092,#2093);
#2092 = CARTESIAN_POINT('',(35.70000000009,-114.825,19.51));
#2093 = VECTOR('',#2094,1.);
#2094 = DIRECTION('',(-0.,-0.,-1.));
#2095 = ORIENTED_EDGE('',*,*,#2096,.F.);
#2096 = EDGE_CURVE('',#2097,#2089,#2099,.T.);
#2097 = VERTEX_POINT('',#2098);
#2098 = CARTESIAN_POINT('',(35.70000000009,-112.325,15.51));
#2099 = LINE('',#2100,#2101);
#2100 = CARTESIAN_POINT('',(35.70000000009,-112.325,15.51));
#2101 = VECTOR('',#2102,1.);
#2102 = DIRECTION('',(0.,-1.,0.));
#2103 = ORIENTED_EDGE('',*,*,#2104,.F.);
#2104 = EDGE_CURVE('',#2105,#2097,#2107,.T.);
#2105 = VERTEX_POINT('',#2106);
#2106 = CARTESIAN_POINT('',(35.7,-112.325,18.51));
#2107 = LINE('',#2108,#2109);
#2108 = CARTESIAN_POINT('',(35.70000000009,-112.325,19.51));
#2109 = VECTOR('',#2110,1.);
#2110 = DIRECTION('',(-0.,-0.,-1.));
#2111 = ORIENTED_EDGE('',*,*,#2112,.T.);
#2112 = EDGE_CURVE('',#2105,#2113,#2115,.T.);
#2113 = VERTEX_POINT('',#2114);
#2114 = CARTESIAN_POINT('',(35.7,-109.825,18.51));
#2115 = LINE('',#2116,#2117);
#2116 = CARTESIAN_POINT('',(35.7,-112.325,18.51));
#2117 = VECTOR('',#2118,1.);
#2118 = DIRECTION('',(0.,1.,0.));
#2119 = ORIENTED_EDGE('',*,*,#2120,.T.);
#2120 = EDGE_CURVE('',#2113,#2121,#2123,.T.);
#2121 = VERTEX_POINT('',#2122);
#2122 = CARTESIAN_POINT('',(35.700000000047,-109.825,15.51));
#2123 = LINE('',#2124,#2125);
#2124 = CARTESIAN_POINT('',(35.700000000047,-109.825,19.51));
#2125 = VECTOR('',#2126,1.);
#2126 = DIRECTION('',(-0.,-0.,-1.));
#2127 = ORIENTED_EDGE('',*,*,#2128,.F.);
#2128 = EDGE_CURVE('',#2129,#2121,#2131,.T.);
#2129 = VERTEX_POINT('',#2130);
#2130 = CARTESIAN_POINT('',(35.700000000047,-107.325,15.51));
#2131 = LINE('',#2132,#2133);
#2132 = CARTESIAN_POINT('',(35.700000000047,-107.325,15.51));
#2133 = VECTOR('',#2134,1.);
#2134 = DIRECTION('',(0.,-1.,0.));
#2135 = ORIENTED_EDGE('',*,*,#2136,.F.);
#2136 = EDGE_CURVE('',#2137,#2129,#2139,.T.);
#2137 = VERTEX_POINT('',#2138);
#2138 = CARTESIAN_POINT('',(35.7,-107.325,18.51));
#2139 = LINE('',#2140,#2141);
#2140 = CARTESIAN_POINT('',(35.700000000047,-107.325,19.51));
#2141 = VECTOR('',#2142,1.);
#2142 = DIRECTION('',(-0.,-0.,-1.));
#2143 = ORIENTED_EDGE('',*,*,#2144,.T.);
#2144 = EDGE_CURVE('',#2137,#2145,#2147,.T.);
#2145 = VERTEX_POINT('',#2146);
#2146 = CARTESIAN_POINT('',(35.7,-104.825,18.51));
#2147 = LINE('',#2148,#2149);
#2148 = CARTESIAN_POINT('',(35.7,-107.325,18.51));
#2149 = VECTOR('',#2150,1.);
#2150 = DIRECTION('',(0.,1.,0.));
#2151 = ORIENTED_EDGE('',*,*,#2152,.T.);
#2152 = EDGE_CURVE('',#2145,#2153,#2155,.T.);
#2153 = VERTEX_POINT('',#2154);
#2154 = CARTESIAN_POINT('',(35.700000000003,-104.825,15.51));
#2155 = LINE('',#2156,#2157);
#2156 = CARTESIAN_POINT('',(35.700000000003,-104.825,19.51));
#2157 = VECTOR('',#2158,1.);
#2158 = DIRECTION('',(-0.,-0.,-1.));
#2159 = ORIENTED_EDGE('',*,*,#2160,.F.);
#2160 = EDGE_CURVE('',#2161,#2153,#2163,.T.);
#2161 = VERTEX_POINT('',#2162);
#2162 = CARTESIAN_POINT('',(35.700000000003,-102.325,15.51));
#2163 = LINE('',#2164,#2165);
#2164 = CARTESIAN_POINT('',(35.700000000003,-102.325,15.51));
#2165 = VECTOR('',#2166,1.);
#2166 = DIRECTION('',(0.,-1.,0.));
#2167 = ORIENTED_EDGE('',*,*,#2168,.F.);
#2168 = EDGE_CURVE('',#2169,#2161,#2171,.T.);
#2169 = VERTEX_POINT('',#2170);
#2170 = CARTESIAN_POINT('',(35.7,-102.325,18.51));
#2171 = LINE('',#2172,#2173);
#2172 = CARTESIAN_POINT('',(35.700000000003,-102.325,19.51));
#2173 = VECTOR('',#2174,1.);
#2174 = DIRECTION('',(-0.,-0.,-1.));
#2175 = ORIENTED_EDGE('',*,*,#2176,.T.);
#2176 = EDGE_CURVE('',#2169,#2177,#2179,.T.);
#2177 = VERTEX_POINT('',#2178);
#2178 = CARTESIAN_POINT('',(35.7,-99.825,18.51));
#2179 = LINE('',#2180,#2181);
#2180 = CARTESIAN_POINT('',(35.7,-102.325,18.51));
#2181 = VECTOR('',#2182,1.);
#2182 = DIRECTION('',(0.,1.,0.));
#2183 = ORIENTED_EDGE('',*,*,#2184,.T.);
#2184 = EDGE_CURVE('',#2177,#2185,#2187,.T.);
#2185 = VERTEX_POINT('',#2186);
#2186 = CARTESIAN_POINT('',(35.699999999959,-99.825,15.51));
#2187 = LINE('',#2188,#2189);
#2188 = CARTESIAN_POINT('',(35.699999999959,-99.825,19.51));
#2189 = VECTOR('',#2190,1.);
#2190 = DIRECTION('',(-0.,-0.,-1.));
#2191 = ORIENTED_EDGE('',*,*,#2192,.F.);
#2192 = EDGE_CURVE('',#2193,#2185,#2195,.T.);
#2193 = VERTEX_POINT('',#2194);
#2194 = CARTESIAN_POINT('',(35.699999999959,-97.325,15.51));
#2195 = LINE('',#2196,#2197);
#2196 = CARTESIAN_POINT('',(35.699999999959,-97.325,15.51));
#2197 = VECTOR('',#2198,1.);
#2198 = DIRECTION('',(0.,-1.,0.));
#2199 = ORIENTED_EDGE('',*,*,#2200,.F.);
#2200 = EDGE_CURVE('',#2201,#2193,#2203,.T.);
#2201 = VERTEX_POINT('',#2202);
#2202 = CARTESIAN_POINT('',(35.7,-97.325,18.51));
#2203 = LINE('',#2204,#2205);
#2204 = CARTESIAN_POINT('',(35.699999999959,-97.325,19.51));
#2205 = VECTOR('',#2206,1.);
#2206 = DIRECTION('',(-0.,-0.,-1.));
#2207 = ORIENTED_EDGE('',*,*,#2208,.T.);
#2208 = EDGE_CURVE('',#2201,#2209,#2211,.T.);
#2209 = VERTEX_POINT('',#2210);
#2210 = CARTESIAN_POINT('',(35.7,-94.825,18.51));
#2211 = LINE('',#2212,#2213);
#2212 = CARTESIAN_POINT('',(35.7,-97.325,18.51));
#2213 = VECTOR('',#2214,1.);
#2214 = DIRECTION('',(0.,1.,0.));
#2215 = ORIENTED_EDGE('',*,*,#2216,.T.);
#2216 = EDGE_CURVE('',#2209,#2217,#2219,.T.);
#2217 = VERTEX_POINT('',#2218);
#2218 = CARTESIAN_POINT('',(35.699999999916,-94.825,15.51));
#2219 = LINE('',#2220,#2221);
#2220 = CARTESIAN_POINT('',(35.699999999916,-94.825,19.51));
#2221 = VECTOR('',#2222,1.);
#2222 = DIRECTION('',(-0.,-0.,-1.));
#2223 = ORIENTED_EDGE('',*,*,#2224,.F.);
#2224 = EDGE_CURVE('',#2225,#2217,#2227,.T.);
#2225 = VERTEX_POINT('',#2226);
#2226 = CARTESIAN_POINT('',(35.699999999916,-92.325,15.51));
#2227 = LINE('',#2228,#2229);
#2228 = CARTESIAN_POINT('',(35.699999999916,-92.325,15.51));
#2229 = VECTOR('',#2230,1.);
#2230 = DIRECTION('',(0.,-1.,0.));
#2231 = ORIENTED_EDGE('',*,*,#2232,.F.);
#2232 = EDGE_CURVE('',#2233,#2225,#2235,.T.);
#2233 = VERTEX_POINT('',#2234);
#2234 = CARTESIAN_POINT('',(35.7,-92.325,18.51));
#2235 = LINE('',#2236,#2237);
#2236 = CARTESIAN_POINT('',(35.699999999916,-92.325,19.51));
#2237 = VECTOR('',#2238,1.);
#2238 = DIRECTION('',(-0.,-0.,-1.));
#2239 = ORIENTED_EDGE('',*,*,#2240,.T.);
#2240 = EDGE_CURVE('',#2233,#2241,#2243,.T.);
#2241 = VERTEX_POINT('',#2242);
#2242 = CARTESIAN_POINT('',(35.7,-89.825,18.51));
#2243 = LINE('',#2244,#2245);
#2244 = CARTESIAN_POINT('',(35.7,-92.325,18.51));
#2245 = VECTOR('',#2246,1.);
#2246 = DIRECTION('',(0.,1.,0.));
#2247 = ORIENTED_EDGE('',*,*,#2248,.T.);
#2248 = EDGE_CURVE('',#2241,#2249,#2251,.T.);
#2249 = VERTEX_POINT('',#2250);
#2250 = CARTESIAN_POINT('',(35.699999999873,-89.825,15.51));
#2251 = LINE('',#2252,#2253);
#2252 = CARTESIAN_POINT('',(35.699999999873,-89.825,19.51));
#2253 = VECTOR('',#2254,1.);
#2254 = DIRECTION('',(-0.,-0.,-1.));
#2255 = ORIENTED_EDGE('',*,*,#2256,.F.);
#2256 = EDGE_CURVE('',#2257,#2249,#2259,.T.);
#2257 = VERTEX_POINT('',#2258);
#2258 = CARTESIAN_POINT('',(35.699999999873,-87.325,15.51));
#2259 = LINE('',#2260,#2261);
#2260 = CARTESIAN_POINT('',(35.699999999873,-87.325,15.51));
#2261 = VECTOR('',#2262,1.);
#2262 = DIRECTION('',(0.,-1.,0.));
#2263 = ORIENTED_EDGE('',*,*,#2264,.F.);
#2264 = EDGE_CURVE('',#2265,#2257,#2267,.T.);
#2265 = VERTEX_POINT('',#2266);
#2266 = CARTESIAN_POINT('',(35.7,-87.325,18.51));
#2267 = LINE('',#2268,#2269);
#2268 = CARTESIAN_POINT('',(35.699999999873,-87.325,19.51));
#2269 = VECTOR('',#2270,1.);
#2270 = DIRECTION('',(-0.,-0.,-1.));
#2271 = ORIENTED_EDGE('',*,*,#2272,.T.);
#2272 = EDGE_CURVE('',#2265,#2273,#2275,.T.);
#2273 = VERTEX_POINT('',#2274);
#2274 = CARTESIAN_POINT('',(35.7,-84.825,18.51));
#2275 = LINE('',#2276,#2277);
#2276 = CARTESIAN_POINT('',(35.7,-87.325,18.51));
#2277 = VECTOR('',#2278,1.);
#2278 = DIRECTION('',(0.,1.,0.));
#2279 = ORIENTED_EDGE('',*,*,#2280,.T.);
#2280 = EDGE_CURVE('',#2273,#2281,#2283,.T.);
#2281 = VERTEX_POINT('',#2282);
#2282 = CARTESIAN_POINT('',(35.700000000043,-84.825,15.51));
#2283 = LINE('',#2284,#2285);
#2284 = CARTESIAN_POINT('',(35.700000000043,-84.825,19.51));
#2285 = VECTOR('',#2286,1.);
#2286 = DIRECTION('',(-0.,-0.,-1.));
#2287 = ORIENTED_EDGE('',*,*,#2288,.F.);
#2288 = EDGE_CURVE('',#2289,#2281,#2291,.T.);
#2289 = VERTEX_POINT('',#2290);
#2290 = CARTESIAN_POINT('',(35.700000000043,-82.325,15.51));
#2291 = LINE('',#2292,#2293);
#2292 = CARTESIAN_POINT('',(35.700000000043,-82.325,15.51));
#2293 = VECTOR('',#2294,1.);
#2294 = DIRECTION('',(0.,-1.,0.));
#2295 = ORIENTED_EDGE('',*,*,#2296,.F.);
#2296 = EDGE_CURVE('',#2297,#2289,#2299,.T.);
#2297 = VERTEX_POINT('',#2298);
#2298 = CARTESIAN_POINT('',(35.7,-82.325,18.51));
#2299 = LINE('',#2300,#2301);
#2300 = CARTESIAN_POINT('',(35.700000000043,-82.325,19.51));
#2301 = VECTOR('',#2302,1.);
#2302 = DIRECTION('',(-0.,-0.,-1.));
#2303 = ORIENTED_EDGE('',*,*,#2304,.T.);
#2304 = EDGE_CURVE('',#2297,#2305,#2307,.T.);
#2305 = VERTEX_POINT('',#2306);
#2306 = CARTESIAN_POINT('',(35.7,-79.825,18.51));
#2307 = LINE('',#2308,#2309);
#2308 = CARTESIAN_POINT('',(35.7,-82.325,18.51));
#2309 = VECTOR('',#2310,1.);
#2310 = DIRECTION('',(0.,1.,0.));
#2311 = ORIENTED_EDGE('',*,*,#2312,.T.);
#2312 = EDGE_CURVE('',#2305,#2313,#2315,.T.);
#2313 = VERTEX_POINT('',#2314);
#2314 = CARTESIAN_POINT('',(35.7,-79.825,15.51));
#2315 = LINE('',#2316,#2317);
#2316 = CARTESIAN_POINT('',(35.7,-79.825,19.51));
#2317 = VECTOR('',#2318,1.);
#2318 = DIRECTION('',(-0.,-0.,-1.));
#2319 = ORIENTED_EDGE('',*,*,#2320,.F.);
#2320 = EDGE_CURVE('',#2321,#2313,#2323,.T.);
#2321 = VERTEX_POINT('',#2322);
#2322 = CARTESIAN_POINT('',(35.7,-77.325,15.51));
#2323 = LINE('',#2324,#2325);
#2324 = CARTESIAN_POINT('',(35.7,-77.325,15.51));
#2325 = VECTOR('',#2326,1.);
#2326 = DIRECTION('',(0.,-1.,0.));
#2327 = ORIENTED_EDGE('',*,*,#2328,.F.);
#2328 = EDGE_CURVE('',#2329,#2321,#2331,.T.);
#2329 = VERTEX_POINT('',#2330);
#2330 = CARTESIAN_POINT('',(35.7,-77.325,18.51));
#2331 = LINE('',#2332,#2333);
#2332 = CARTESIAN_POINT('',(35.7,-77.325,19.51));
#2333 = VECTOR('',#2334,1.);
#2334 = DIRECTION('',(-0.,-0.,-1.));
#2335 = ORIENTED_EDGE('',*,*,#2336,.T.);
#2336 = EDGE_CURVE('',#2329,#2337,#2339,.T.);
#2337 = VERTEX_POINT('',#2338);
#2338 = CARTESIAN_POINT('',(35.7,-74.825,18.51));
#2339 = LINE('',#2340,#2341);
#2340 = CARTESIAN_POINT('',(35.7,-77.325,18.51));
#2341 = VECTOR('',#2342,1.);
#2342 = DIRECTION('',(0.,1.,0.));
#2343 = ORIENTED_EDGE('',*,*,#2344,.T.);
#2344 = EDGE_CURVE('',#2337,#2345,#2347,.T.);
#2345 = VERTEX_POINT('',#2346);
#2346 = CARTESIAN_POINT('',(35.7,-74.825,15.51));
#2347 = LINE('',#2348,#2349);
#2348 = CARTESIAN_POINT('',(35.7,-74.825,19.51));
#2349 = VECTOR('',#2350,1.);
#2350 = DIRECTION('',(-0.,-0.,-1.));
#2351 = ORIENTED_EDGE('',*,*,#2352,.F.);
#2352 = EDGE_CURVE('',#2353,#2345,#2355,.T.);
#2353 = VERTEX_POINT('',#2354);
#2354 = CARTESIAN_POINT('',(35.7,-72.325,15.51));
#2355 = LINE('',#2356,#2357);
#2356 = CARTESIAN_POINT('',(35.7,-72.325,15.51));
#2357 = VECTOR('',#2358,1.);
#2358 = DIRECTION('',(0.,-1.,0.));
#2359 = ORIENTED_EDGE('',*,*,#2360,.F.);
#2360 = EDGE_CURVE('',#2361,#2353,#2363,.T.);
#2361 = VERTEX_POINT('',#2362);
#2362 = CARTESIAN_POINT('',(35.7,-72.325,18.51));
#2363 = LINE('',#2364,#2365);
#2364 = CARTESIAN_POINT('',(35.7,-72.325,19.51));
#2365 = VECTOR('',#2366,1.);
#2366 = DIRECTION('',(-0.,-0.,-1.));
#2367 = ORIENTED_EDGE('',*,*,#2368,.T.);
#2368 = EDGE_CURVE('',#2361,#325,#2369,.T.);
#2369 = LINE('',#2370,#2371);
#2370 = CARTESIAN_POINT('',(35.7,-72.325,18.51));
#2371 = VECTOR('',#2372,1.);
#2372 = DIRECTION('',(0.,1.,0.));
#2373 = PLANE('',#2374);
#2374 = AXIS2_PLACEMENT_3D('',#2375,#2376,#2377);
#2375 = CARTESIAN_POINT('',(35.7,-118.325,1.51));
#2376 = DIRECTION('',(-1.,0.,0.));
#2377 = DIRECTION('',(0.,1.,0.));
#2378 = ADVANCED_FACE('',(#2379),#2390,.T.);
#2379 = FACE_BOUND('',#2380,.T.);
#2380 = EDGE_LOOP('',(#2381,#2382,#2383,#2384));
#2381 = ORIENTED_EDGE('',*,*,#405,.F.);
#2382 = ORIENTED_EDGE('',*,*,#1170,.T.);
#2383 = ORIENTED_EDGE('',*,*,#539,.T.);
#2384 = ORIENTED_EDGE('',*,*,#2385,.F.);
#2385 = EDGE_CURVE('',#398,#540,#2386,.T.);
#2386 = LINE('',#2387,#2388);
#2387 = CARTESIAN_POINT('',(41.01218297509,-72.825,1.51));
#2388 = VECTOR('',#2389,1.);
#2389 = DIRECTION('',(0.,0.,1.));
#2390 = CYLINDRICAL_SURFACE('',#2391,2.541258661588);
#2391 = AXIS2_PLACEMENT_3D('',#2392,#2393,#2394);
#2392 = CARTESIAN_POINT('',(40.680482158547,-70.30548215854,1.51));
#2393 = DIRECTION('',(0.,0.,-1.));
#2394 = DIRECTION('',(1.,0.,0.));
#2395 = ADVANCED_FACE('',(#2396),#2402,.F.);
#2396 = FACE_BOUND('',#2397,.F.);
#2397 = EDGE_LOOP('',(#2398,#2399,#2400,#2401));
#2398 = ORIENTED_EDGE('',*,*,#397,.F.);
#2399 = ORIENTED_EDGE('',*,*,#2026,.T.);
#2400 = ORIENTED_EDGE('',*,*,#548,.T.);
#2401 = ORIENTED_EDGE('',*,*,#2385,.F.);
#2402 = PLANE('',#2403);
#2403 = AXIS2_PLACEMENT_3D('',#2404,#2405,#2406);
#2404 = CARTESIAN_POINT('',(35.7,-72.825,1.51));
#2405 = DIRECTION('',(0.,1.,0.));
#2406 = DIRECTION('',(1.,0.,0.));
#2407 = ADVANCED_FACE('',(#2408),#2419,.F.);
#2408 = FACE_BOUND('',#2409,.T.);
#2409 = EDGE_LOOP('',(#2410,#2416,#2417,#2418));
#2410 = ORIENTED_EDGE('',*,*,#2411,.T.);
#2411 = EDGE_CURVE('',#415,#1581,#2412,.T.);
#2412 = LINE('',#2413,#2414);
#2413 = CARTESIAN_POINT('',(41.24,-69.09,1.51));
#2414 = VECTOR('',#2415,1.);
#2415 = DIRECTION('',(0.,0.,1.));
#2416 = ORIENTED_EDGE('',*,*,#1580,.T.);
#2417 = ORIENTED_EDGE('',*,*,#2411,.F.);
#2418 = ORIENTED_EDGE('',*,*,#414,.F.);
#2419 = CYLINDRICAL_SURFACE('',#2420,1.6);
#2420 = AXIS2_PLACEMENT_3D('',#2421,#2422,#2423);
#2421 = CARTESIAN_POINT('',(39.64,-69.09,1.51));
#2422 = DIRECTION('',(-0.,-0.,-1.));
#2423 = DIRECTION('',(1.,0.,0.));
#2424 = ADVANCED_FACE('',(#2425),#2450,.F.);
#2425 = FACE_BOUND('',#2426,.F.);
#2426 = EDGE_LOOP('',(#2427,#2437,#2443,#2444));
#2427 = ORIENTED_EDGE('',*,*,#2428,.F.);
#2428 = EDGE_CURVE('',#2429,#2431,#2433,.T.);
#2429 = VERTEX_POINT('',#2430);
#2430 = CARTESIAN_POINT('',(43.2,-122.325,1.51));
#2431 = VERTEX_POINT('',#2432);
#2432 = CARTESIAN_POINT('',(43.199999999988,-116.8581079475,1.51));
#2433 = LINE('',#2434,#2435);
#2434 = CARTESIAN_POINT('',(43.2,-122.325,1.51));
#2435 = VECTOR('',#2436,1.);
#2436 = DIRECTION('',(-2.17313E-12,1.,-0.));
#2437 = ORIENTED_EDGE('',*,*,#2438,.T.);
#2438 = EDGE_CURVE('',#2429,#432,#2439,.T.);
#2439 = LINE('',#2440,#2441);
#2440 = CARTESIAN_POINT('',(43.2,-122.325,1.51));
#2441 = VECTOR('',#2442,1.);
#2442 = DIRECTION('',(0.,0.,1.));
#2443 = ORIENTED_EDGE('',*,*,#431,.T.);
#2444 = ORIENTED_EDGE('',*,*,#2445,.F.);
#2445 = EDGE_CURVE('',#2431,#434,#2446,.T.);
#2446 = LINE('',#2447,#2448);
#2447 = CARTESIAN_POINT('',(43.199999999988,-116.8581079475,1.51));
#2448 = VECTOR('',#2449,1.);
#2449 = DIRECTION('',(0.,0.,1.));
#2450 = PLANE('',#2451);
#2451 = AXIS2_PLACEMENT_3D('',#2452,#2453,#2454);
#2452 = CARTESIAN_POINT('',(43.2,-122.325,1.51));
#2453 = DIRECTION('',(-1.,-2.17313E-12,0.));
#2454 = DIRECTION('',(-2.17313E-12,1.,0.));
#2455 = ADVANCED_FACE('',(#2456),#2490,.T.);
#2456 = FACE_BOUND('',#2457,.T.);
#2457 = EDGE_LOOP('',(#2458,#2468,#2474,#2475,#2476,#2482,#2483,#2484));
#2458 = ORIENTED_EDGE('',*,*,#2459,.F.);
#2459 = EDGE_CURVE('',#2460,#2462,#2464,.T.);
#2460 = VERTEX_POINT('',#2461);
#2461 = CARTESIAN_POINT('',(39.7,-122.3249999999,1.51));
#2462 = VERTEX_POINT('',#2463);
#2463 = CARTESIAN_POINT('',(39.7,-122.325,18.51));
#2464 = LINE('',#2465,#2466);
#2465 = CARTESIAN_POINT('',(39.7,-122.3249999999,1.51));
#2466 = VECTOR('',#2467,1.);
#2467 = DIRECTION('',(0.,0.,1.));
#2468 = ORIENTED_EDGE('',*,*,#2469,.F.);
#2469 = EDGE_CURVE('',#2429,#2460,#2470,.T.);
#2470 = LINE('',#2471,#2472);
#2471 = CARTESIAN_POINT('',(151.7,-122.325,1.51));
#2472 = VECTOR('',#2473,1.);
#2473 = DIRECTION('',(-1.,0.,0.));
#2474 = ORIENTED_EDGE('',*,*,#2438,.T.);
#2475 = ORIENTED_EDGE('',*,*,#441,.T.);
#2476 = ORIENTED_EDGE('',*,*,#2477,.F.);
#2477 = EDGE_CURVE('',#1804,#442,#2478,.T.);
#2478 = LINE('',#2479,#2480);
#2479 = CARTESIAN_POINT('',(148.2,-122.325,1.51));
#2480 = VECTOR('',#2481,1.);
#2481 = DIRECTION('',(0.,0.,1.));
#2482 = ORIENTED_EDGE('',*,*,#1811,.F.);
#2483 = ORIENTED_EDGE('',*,*,#1762,.T.);
#2484 = ORIENTED_EDGE('',*,*,#2485,.T.);
#2485 = EDGE_CURVE('',#1754,#2462,#2486,.T.);
#2486 = LINE('',#2487,#2488);
#2487 = CARTESIAN_POINT('',(151.7,-122.325,18.51));
#2488 = VECTOR('',#2489,1.);
#2489 = DIRECTION('',(-1.,0.,0.));
#2490 = PLANE('',#2491);
#2491 = AXIS2_PLACEMENT_3D('',#2492,#2493,#2494);
#2492 = CARTESIAN_POINT('',(151.7,-122.325,1.51));
#2493 = DIRECTION('',(0.,-1.,0.));
#2494 = DIRECTION('',(-1.,0.,0.));
#2495 = ADVANCED_FACE('',(#2496),#2515,.T.);
#2496 = FACE_BOUND('',#2497,.T.);
#2497 = EDGE_LOOP('',(#2498,#2507,#2513,#2514));
#2498 = ORIENTED_EDGE('',*,*,#2499,.F.);
#2499 = EDGE_CURVE('',#2500,#2431,#2502,.T.);
#2500 = VERTEX_POINT('',#2501);
#2501 = CARTESIAN_POINT('',(41.166892052475,-114.825,1.51));
#2502 = CIRCLE('',#2503,2.361556347145);
#2503 = AXIS2_PLACEMENT_3D('',#2504,#2505,#2506);
#2504 = CARTESIAN_POINT('',(40.858647094767,-117.1663529052,1.51));
#2505 = DIRECTION('',(0.,0.,-1.));
#2506 = DIRECTION('',(1.,0.,0.));
#2507 = ORIENTED_EDGE('',*,*,#2508,.T.);
#2508 = EDGE_CURVE('',#2500,#615,#2509,.T.);
#2509 = LINE('',#2510,#2511);
#2510 = CARTESIAN_POINT('',(41.166892052475,-114.825,1.51));
#2511 = VECTOR('',#2512,1.);
#2512 = DIRECTION('',(0.,0.,1.));
#2513 = ORIENTED_EDGE('',*,*,#622,.T.);
#2514 = ORIENTED_EDGE('',*,*,#2445,.F.);
#2515 = CYLINDRICAL_SURFACE('',#2516,2.361556347145);
#2516 = AXIS2_PLACEMENT_3D('',#2517,#2518,#2519);
#2517 = CARTESIAN_POINT('',(40.858647094767,-117.1663529052,1.51));
#2518 = DIRECTION('',(0.,0.,-1.));
#2519 = DIRECTION('',(1.,0.,0.));
#2520 = ADVANCED_FACE('',(#2521),#2532,.T.);
#2521 = FACE_BOUND('',#2522,.T.);
#2522 = EDGE_LOOP('',(#2523,#2524,#2525,#2526));
#2523 = ORIENTED_EDGE('',*,*,#1803,.F.);
#2524 = ORIENTED_EDGE('',*,*,#2477,.T.);
#2525 = ORIENTED_EDGE('',*,*,#449,.T.);
#2526 = ORIENTED_EDGE('',*,*,#2527,.F.);
#2527 = EDGE_CURVE('',#1795,#450,#2528,.T.);
#2528 = LINE('',#2529,#2530);
#2529 = CARTESIAN_POINT('',(148.2,-117.0099344274,1.51));
#2530 = VECTOR('',#2531,1.);
#2531 = DIRECTION('',(0.,0.,1.));
#2532 = PLANE('',#2533);
#2533 = AXIS2_PLACEMENT_3D('',#2534,#2535,#2536);
#2534 = CARTESIAN_POINT('',(148.2,-122.325,1.51));
#2535 = DIRECTION('',(-1.,5.35E-15,0.));
#2536 = DIRECTION('',(5.35E-15,1.,0.));
#2537 = ADVANCED_FACE('',(#2538),#2549,.T.);
#2538 = FACE_BOUND('',#2539,.T.);
#2539 = EDGE_LOOP('',(#2540,#2546,#2547,#2548));
#2540 = ORIENTED_EDGE('',*,*,#2541,.F.);
#2541 = EDGE_CURVE('',#2057,#2500,#2542,.T.);
#2542 = LINE('',#2543,#2544);
#2543 = CARTESIAN_POINT('',(35.7,-114.825,1.51));
#2544 = VECTOR('',#2545,1.);
#2545 = DIRECTION('',(1.,-2.17313E-12,0.));
#2546 = ORIENTED_EDGE('',*,*,#2056,.T.);
#2547 = ORIENTED_EDGE('',*,*,#614,.T.);
#2548 = ORIENTED_EDGE('',*,*,#2508,.F.);
#2549 = PLANE('',#2550);
#2550 = AXIS2_PLACEMENT_3D('',#2551,#2552,#2553);
#2551 = CARTESIAN_POINT('',(35.7,-114.825,1.51));
#2552 = DIRECTION('',(2.17313E-12,1.,0.));
#2553 = DIRECTION('',(1.,-2.17313E-12,0.));
#2554 = ADVANCED_FACE('',(#2555),#2561,.T.);
#2555 = FACE_BOUND('',#2556,.T.);
#2556 = EDGE_LOOP('',(#2557,#2558,#2559,#2560));
#2557 = ORIENTED_EDGE('',*,*,#1794,.F.);
#2558 = ORIENTED_EDGE('',*,*,#2527,.T.);
#2559 = ORIENTED_EDGE('',*,*,#457,.T.);
#2560 = ORIENTED_EDGE('',*,*,#1840,.F.);
#2561 = CYLINDRICAL_SURFACE('',#2562,2.537910380734);
#2562 = AXIS2_PLACEMENT_3D('',#2563,#2564,#2565);
#2563 = CARTESIAN_POINT('',(150.7161982056,-117.3411982056,1.51));
#2564 = DIRECTION('',(0.,0.,-1.));
#2565 = DIRECTION('',(1.,0.,0.));
#2566 = ADVANCED_FACE('',(#2567),#2585,.F.);
#2567 = FACE_BOUND('',#2568,.F.);
#2568 = EDGE_LOOP('',(#2569,#2577,#2583,#2584));
#2569 = ORIENTED_EDGE('',*,*,#2570,.T.);
#2570 = EDGE_CURVE('',#590,#2571,#2573,.T.);
#2571 = VERTEX_POINT('',#2572);
#2572 = CARTESIAN_POINT('',(58.5975,-104.,12.595));
#2573 = LINE('',#2574,#2575);
#2574 = CARTESIAN_POINT('',(58.5975,-104.,5.095));
#2575 = VECTOR('',#2576,1.);
#2576 = DIRECTION('',(0.,1.2E-16,1.));
#2577 = ORIENTED_EDGE('',*,*,#2578,.T.);
#2578 = EDGE_CURVE('',#2571,#2042,#2579,.T.);
#2579 = LINE('',#2580,#2581);
#2580 = CARTESIAN_POINT('',(58.5975,-104.,12.595));
#2581 = VECTOR('',#2582,1.);
#2582 = DIRECTION('',(-1.,0.,0.));
#2583 = ORIENTED_EDGE('',*,*,#2049,.F.);
#2584 = ORIENTED_EDGE('',*,*,#598,.F.);
#2585 = PLANE('',#2586);
#2586 = AXIS2_PLACEMENT_3D('',#2587,#2588,#2589);
#2587 = CARTESIAN_POINT('',(58.5975,-104.,5.095));
#2588 = DIRECTION('',(0.,-1.,1.2E-16));
#2589 = DIRECTION('',(-1.,0.,0.));
#2590 = ADVANCED_FACE('',(#2591),#2610,.F.);
#2591 = FACE_BOUND('',#2592,.F.);
#2592 = EDGE_LOOP('',(#2593,#2601,#2608,#2609));
#2593 = ORIENTED_EDGE('',*,*,#2594,.T.);
#2594 = EDGE_CURVE('',#582,#2595,#2597,.T.);
#2595 = VERTEX_POINT('',#2596);
#2596 = CARTESIAN_POINT('',(64.0975,-98.5,12.595));
#2597 = LINE('',#2598,#2599);
#2598 = CARTESIAN_POINT('',(64.0975,-98.5,5.095));
#2599 = VECTOR('',#2600,1.);
#2600 = DIRECTION('',(0.,1.2E-16,1.));
#2601 = ORIENTED_EDGE('',*,*,#2602,.T.);
#2602 = EDGE_CURVE('',#2595,#2571,#2603,.T.);
#2603 = CIRCLE('',#2604,5.5);
#2604 = AXIS2_PLACEMENT_3D('',#2605,#2606,#2607);
#2605 = CARTESIAN_POINT('',(58.5975,-98.5,12.595));
#2606 = DIRECTION('',(0.,0.,-1.));
#2607 = DIRECTION('',(1.,0.,0.));
#2608 = ORIENTED_EDGE('',*,*,#2570,.F.);
#2609 = ORIENTED_EDGE('',*,*,#589,.F.);
#2610 = CYLINDRICAL_SURFACE('',#2611,5.5);
#2611 = AXIS2_PLACEMENT_3D('',#2612,#2613,#2614);
#2612 = CARTESIAN_POINT('',(58.5975,-98.5,5.095));
#2613 = DIRECTION('',(0.,-1.2E-16,-1.));
#2614 = DIRECTION('',(1.,0.,0.));
#2615 = ADVANCED_FACE('',(#2616),#2634,.F.);
#2616 = FACE_BOUND('',#2617,.F.);
#2617 = EDGE_LOOP('',(#2618,#2626,#2632,#2633));
#2618 = ORIENTED_EDGE('',*,*,#2619,.T.);
#2619 = EDGE_CURVE('',#573,#2620,#2622,.T.);
#2620 = VERTEX_POINT('',#2621);
#2621 = CARTESIAN_POINT('',(64.0975,-85.7,12.595));
#2622 = LINE('',#2623,#2624);
#2623 = CARTESIAN_POINT('',(64.0975,-85.7,5.095));
#2624 = VECTOR('',#2625,1.);
#2625 = DIRECTION('',(0.,1.2E-16,1.));
#2626 = ORIENTED_EDGE('',*,*,#2627,.T.);
#2627 = EDGE_CURVE('',#2620,#2595,#2628,.T.);
#2628 = LINE('',#2629,#2630);
#2629 = CARTESIAN_POINT('',(64.0975,-85.7,12.595));
#2630 = VECTOR('',#2631,1.);
#2631 = DIRECTION('',(0.,-1.,0.));
#2632 = ORIENTED_EDGE('',*,*,#2594,.F.);
#2633 = ORIENTED_EDGE('',*,*,#581,.F.);
#2634 = PLANE('',#2635);
#2635 = AXIS2_PLACEMENT_3D('',#2636,#2637,#2638);
#2636 = CARTESIAN_POINT('',(64.0975,-85.7,5.095));
#2637 = DIRECTION('',(1.,0.,0.));
#2638 = DIRECTION('',(0.,-1.,1.2E-16));
#2639 = ADVANCED_FACE('',(#2640),#2651,.F.);
#2640 = FACE_BOUND('',#2641,.F.);
#2641 = EDGE_LOOP('',(#2642,#2643,#2644,#2650));
#2642 = ORIENTED_EDGE('',*,*,#1863,.T.);
#2643 = ORIENTED_EDGE('',*,*,#1903,.T.);
#2644 = ORIENTED_EDGE('',*,*,#2645,.F.);
#2645 = EDGE_CURVE('',#482,#1896,#2646,.T.);
#2646 = LINE('',#2647,#2648);
#2647 = CARTESIAN_POINT('',(127.09960937243,-103.103987034,5.095));
#2648 = VECTOR('',#2649,1.);
#2649 = DIRECTION('',(0.,0.,1.));
#2650 = ORIENTED_EDGE('',*,*,#481,.F.);
#2651 = CYLINDRICAL_SURFACE('',#2652,2.);
#2652 = AXIS2_PLACEMENT_3D('',#2653,#2654,#2655);
#2653 = CARTESIAN_POINT('',(129.09960937243,-103.103987034,5.095));
#2654 = DIRECTION('',(0.,0.,-1.));
#2655 = DIRECTION('',(1.,0.,0.));
#2656 = ADVANCED_FACE('',(#2657),#2676,.F.);
#2657 = FACE_BOUND('',#2658,.F.);
#2658 = EDGE_LOOP('',(#2659,#2667,#2674,#2675));
#2659 = ORIENTED_EDGE('',*,*,#2660,.T.);
#2660 = EDGE_CURVE('',#565,#2661,#2663,.T.);
#2661 = VERTEX_POINT('',#2662);
#2662 = CARTESIAN_POINT('',(58.5975,-80.2,12.595));
#2663 = LINE('',#2664,#2665);
#2664 = CARTESIAN_POINT('',(58.5975,-80.2,5.095));
#2665 = VECTOR('',#2666,1.);
#2666 = DIRECTION('',(0.,1.2E-16,1.));
#2667 = ORIENTED_EDGE('',*,*,#2668,.T.);
#2668 = EDGE_CURVE('',#2661,#2620,#2669,.T.);
#2669 = CIRCLE('',#2670,5.5);
#2670 = AXIS2_PLACEMENT_3D('',#2671,#2672,#2673);
#2671 = CARTESIAN_POINT('',(58.5975,-85.7,12.595));
#2672 = DIRECTION('',(0.,0.,-1.));
#2673 = DIRECTION('',(1.,0.,0.));
#2674 = ORIENTED_EDGE('',*,*,#2619,.F.);
#2675 = ORIENTED_EDGE('',*,*,#572,.F.);
#2676 = CYLINDRICAL_SURFACE('',#2677,5.5);
#2677 = AXIS2_PLACEMENT_3D('',#2678,#2679,#2680);
#2678 = CARTESIAN_POINT('',(58.5975,-85.7,5.095));
#2679 = DIRECTION('',(0.,-1.2E-16,-1.));
#2680 = DIRECTION('',(1.,0.,0.));
#2681 = ADVANCED_FACE('',(#2682),#2693,.F.);
#2682 = FACE_BOUND('',#2683,.F.);
#2683 = EDGE_LOOP('',(#2684,#2685,#2686,#2692));
#2684 = ORIENTED_EDGE('',*,*,#2645,.T.);
#2685 = ORIENTED_EDGE('',*,*,#1895,.T.);
#2686 = ORIENTED_EDGE('',*,*,#2687,.F.);
#2687 = EDGE_CURVE('',#491,#1887,#2688,.T.);
#2688 = LINE('',#2689,#2690);
#2689 = CARTESIAN_POINT('',(127.09960937243,-77.24398703403,5.095));
#2690 = VECTOR('',#2691,1.);
#2691 = DIRECTION('',(0.,0.,1.));
#2692 = ORIENTED_EDGE('',*,*,#490,.F.);
#2693 = PLANE('',#2694);
#2694 = AXIS2_PLACEMENT_3D('',#2695,#2696,#2697);
#2695 = CARTESIAN_POINT('',(127.09960937243,-103.103987034,5.095));
#2696 = DIRECTION('',(-1.,0.,0.));
#2697 = DIRECTION('',(0.,1.,0.));
#2698 = ADVANCED_FACE('',(#2699),#2710,.F.);
#2699 = FACE_BOUND('',#2700,.F.);
#2700 = EDGE_LOOP('',(#2701,#2702,#2708,#2709));
#2701 = ORIENTED_EDGE('',*,*,#2033,.T.);
#2702 = ORIENTED_EDGE('',*,*,#2703,.T.);
#2703 = EDGE_CURVE('',#2034,#2661,#2704,.T.);
#2704 = LINE('',#2705,#2706);
#2705 = CARTESIAN_POINT('',(35.7,-80.2,12.595));
#2706 = VECTOR('',#2707,1.);
#2707 = DIRECTION('',(1.,0.,0.));
#2708 = ORIENTED_EDGE('',*,*,#2660,.F.);
#2709 = ORIENTED_EDGE('',*,*,#564,.F.);
#2710 = PLANE('',#2711);
#2711 = AXIS2_PLACEMENT_3D('',#2712,#2713,#2714);
#2712 = CARTESIAN_POINT('',(35.7,-80.2,5.095));
#2713 = DIRECTION('',(0.,1.,-1.2E-16));
#2714 = DIRECTION('',(1.,0.,0.));
#2715 = ADVANCED_FACE('',(#2716),#2722,.F.);
#2716 = FACE_BOUND('',#2717,.F.);
#2717 = EDGE_LOOP('',(#2718,#2719,#2720,#2721));
#2718 = ORIENTED_EDGE('',*,*,#2687,.T.);
#2719 = ORIENTED_EDGE('',*,*,#1886,.T.);
#2720 = ORIENTED_EDGE('',*,*,#1990,.F.);
#2721 = ORIENTED_EDGE('',*,*,#498,.F.);
#2722 = CYLINDRICAL_SURFACE('',#2723,2.);
#2723 = AXIS2_PLACEMENT_3D('',#2724,#2725,#2726);
#2724 = CARTESIAN_POINT('',(129.09960937243,-77.24398703403,5.095));
#2725 = DIRECTION('',(0.,0.,-1.));
#2726 = DIRECTION('',(1.,0.,0.));
#2727 = ADVANCED_FACE('',(#2728),#2754,.T.);
#2728 = FACE_BOUND('',#2729,.F.);
#2729 = EDGE_LOOP('',(#2730,#2731,#2739,#2748));
#2730 = ORIENTED_EDGE('',*,*,#631,.F.);
#2731 = ORIENTED_EDGE('',*,*,#2732,.T.);
#2732 = EDGE_CURVE('',#632,#2733,#2735,.T.);
#2733 = VERTEX_POINT('',#2734);
#2734 = CARTESIAN_POINT('',(74.553448097973,-105.804411902,3.362));
#2735 = LINE('',#2736,#2737);
#2736 = CARTESIAN_POINT('',(74.553448097973,-105.804411902,5.095));
#2737 = VECTOR('',#2738,1.);
#2738 = DIRECTION('',(0.,0.,-1.));
#2739 = ORIENTED_EDGE('',*,*,#2740,.F.);
#2740 = EDGE_CURVE('',#2741,#2733,#2743,.T.);
#2741 = VERTEX_POINT('',#2742);
#2742 = CARTESIAN_POINT('',(72.553448097973,-103.804411902,3.362));
#2743 = CIRCLE('',#2744,2.);
#2744 = AXIS2_PLACEMENT_3D('',#2745,#2746,#2747);
#2745 = CARTESIAN_POINT('',(74.553448097973,-103.804411902,3.362));
#2746 = DIRECTION('',(0.,0.,1.));
#2747 = DIRECTION('',(1.,0.,0.));
#2748 = ORIENTED_EDGE('',*,*,#2749,.F.);
#2749 = EDGE_CURVE('',#634,#2741,#2750,.T.);
#2750 = LINE('',#2751,#2752);
#2751 = CARTESIAN_POINT('',(72.553448097973,-103.804411902,5.095));
#2752 = VECTOR('',#2753,1.);
#2753 = DIRECTION('',(0.,0.,-1.));
#2754 = CYLINDRICAL_SURFACE('',#2755,2.);
#2755 = AXIS2_PLACEMENT_3D('',#2756,#2757,#2758);
#2756 = CARTESIAN_POINT('',(74.553448097973,-103.804411902,5.095));
#2757 = DIRECTION('',(0.,0.,1.));
#2758 = DIRECTION('',(1.,0.,0.));
#2759 = ADVANCED_FACE('',(#2760),#2778,.F.);
#2760 = FACE_BOUND('',#2761,.F.);
#2761 = EDGE_LOOP('',(#2762,#2763,#2771,#2777));
#2762 = ORIENTED_EDGE('',*,*,#693,.F.);
#2763 = ORIENTED_EDGE('',*,*,#2764,.T.);
#2764 = EDGE_CURVE('',#685,#2765,#2767,.T.);
#2765 = VERTEX_POINT('',#2766);
#2766 = CARTESIAN_POINT('',(75.660128960314,-105.804411902,3.362));
#2767 = LINE('',#2768,#2769);
#2768 = CARTESIAN_POINT('',(75.660128960314,-105.804411902,5.095));
#2769 = VECTOR('',#2770,1.);
#2770 = DIRECTION('',(0.,0.,-1.));
#2771 = ORIENTED_EDGE('',*,*,#2772,.F.);
#2772 = EDGE_CURVE('',#2733,#2765,#2773,.T.);
#2773 = LINE('',#2774,#2775);
#2774 = CARTESIAN_POINT('',(75.483994480157,-105.804411902,3.362));
#2775 = VECTOR('',#2776,1.);
#2776 = DIRECTION('',(1.,0.,9.E-17));
#2777 = ORIENTED_EDGE('',*,*,#2732,.F.);
#2778 = PLANE('',#2779);
#2779 = AXIS2_PLACEMENT_3D('',#2780,#2781,#2782);
#2780 = CARTESIAN_POINT('',(75.660128960314,-105.804411902,5.095));
#2781 = DIRECTION('',(0.,1.,0.));
#2782 = DIRECTION('',(-1.,0.,0.));
#2783 = ADVANCED_FACE('',(#2784),#2802,.F.);
#2784 = FACE_BOUND('',#2785,.F.);
#2785 = EDGE_LOOP('',(#2786,#2787,#2788,#2796));
#2786 = ORIENTED_EDGE('',*,*,#642,.F.);
#2787 = ORIENTED_EDGE('',*,*,#2749,.T.);
#2788 = ORIENTED_EDGE('',*,*,#2789,.F.);
#2789 = EDGE_CURVE('',#2790,#2741,#2792,.T.);
#2790 = VERTEX_POINT('',#2791);
#2791 = CARTESIAN_POINT('',(72.553448097973,-102.1255880979,3.362));
#2792 = LINE('',#2793,#2794);
#2793 = CARTESIAN_POINT('',(72.553448097973,-103.384705951,3.362));
#2794 = VECTOR('',#2795,1.);
#2795 = DIRECTION('',(0.,-1.,2.2E-16));
#2796 = ORIENTED_EDGE('',*,*,#2797,.F.);
#2797 = EDGE_CURVE('',#643,#2790,#2798,.T.);
#2798 = LINE('',#2799,#2800);
#2799 = CARTESIAN_POINT('',(72.553448097973,-102.1255880979,5.095));
#2800 = VECTOR('',#2801,1.);
#2801 = DIRECTION('',(0.,0.,-1.));
#2802 = PLANE('',#2803);
#2803 = AXIS2_PLACEMENT_3D('',#2804,#2805,#2806);
#2804 = CARTESIAN_POINT('',(72.553448097973,-103.804411902,5.095));
#2805 = DIRECTION('',(1.,0.,0.));
#2806 = DIRECTION('',(0.,1.,0.));
#2807 = ADVANCED_FACE('',(#2808),#2827,.T.);
#2808 = FACE_BOUND('',#2809,.F.);
#2809 = EDGE_LOOP('',(#2810,#2811,#2819,#2826));
#2810 = ORIENTED_EDGE('',*,*,#684,.F.);
#2811 = ORIENTED_EDGE('',*,*,#2812,.T.);
#2812 = EDGE_CURVE('',#677,#2813,#2815,.T.);
#2813 = VERTEX_POINT('',#2814);
#2814 = CARTESIAN_POINT('',(77.660128960314,-103.804411902,3.362));
#2815 = LINE('',#2816,#2817);
#2816 = CARTESIAN_POINT('',(77.660128960314,-103.804411902,5.095));
#2817 = VECTOR('',#2818,1.);
#2818 = DIRECTION('',(0.,0.,-1.));
#2819 = ORIENTED_EDGE('',*,*,#2820,.F.);
#2820 = EDGE_CURVE('',#2765,#2813,#2821,.T.);
#2821 = CIRCLE('',#2822,2.);
#2822 = AXIS2_PLACEMENT_3D('',#2823,#2824,#2825);
#2823 = CARTESIAN_POINT('',(75.660128960314,-103.804411902,3.362));
#2824 = DIRECTION('',(0.,0.,1.));
#2825 = DIRECTION('',(1.,0.,0.));
#2826 = ORIENTED_EDGE('',*,*,#2764,.F.);
#2827 = CYLINDRICAL_SURFACE('',#2828,2.);
#2828 = AXIS2_PLACEMENT_3D('',#2829,#2830,#2831);
#2829 = CARTESIAN_POINT('',(75.660128960314,-103.804411902,5.095));
#2830 = DIRECTION('',(0.,0.,1.));
#2831 = DIRECTION('',(1.,0.,0.));
#2832 = ADVANCED_FACE('',(#2833),#2852,.T.);
#2833 = FACE_BOUND('',#2834,.F.);
#2834 = EDGE_LOOP('',(#2835,#2836,#2837,#2846));
#2835 = ORIENTED_EDGE('',*,*,#650,.F.);
#2836 = ORIENTED_EDGE('',*,*,#2797,.T.);
#2837 = ORIENTED_EDGE('',*,*,#2838,.F.);
#2838 = EDGE_CURVE('',#2839,#2790,#2841,.T.);
#2839 = VERTEX_POINT('',#2840);
#2840 = CARTESIAN_POINT('',(74.553448097973,-100.1255880979,3.362));
#2841 = CIRCLE('',#2842,2.);
#2842 = AXIS2_PLACEMENT_3D('',#2843,#2844,#2845);
#2843 = CARTESIAN_POINT('',(74.553448097973,-102.1255880979,3.362));
#2844 = DIRECTION('',(0.,0.,1.));
#2845 = DIRECTION('',(1.,0.,0.));
#2846 = ORIENTED_EDGE('',*,*,#2847,.F.);
#2847 = EDGE_CURVE('',#651,#2839,#2848,.T.);
#2848 = LINE('',#2849,#2850);
#2849 = CARTESIAN_POINT('',(74.553448097973,-100.1255880979,5.095));
#2850 = VECTOR('',#2851,1.);
#2851 = DIRECTION('',(0.,0.,-1.));
#2852 = CYLINDRICAL_SURFACE('',#2853,2.);
#2853 = AXIS2_PLACEMENT_3D('',#2854,#2855,#2856);
#2854 = CARTESIAN_POINT('',(74.553448097973,-102.1255880979,5.095));
#2855 = DIRECTION('',(0.,0.,1.));
#2856 = DIRECTION('',(1.,0.,0.));
#2857 = ADVANCED_FACE('',(#2858),#2876,.F.);
#2858 = FACE_BOUND('',#2859,.F.);
#2859 = EDGE_LOOP('',(#2860,#2861,#2869,#2875));
#2860 = ORIENTED_EDGE('',*,*,#676,.F.);
#2861 = ORIENTED_EDGE('',*,*,#2862,.T.);
#2862 = EDGE_CURVE('',#668,#2863,#2865,.T.);
#2863 = VERTEX_POINT('',#2864);
#2864 = CARTESIAN_POINT('',(77.660128960314,-102.1255880979,3.362));
#2865 = LINE('',#2866,#2867);
#2866 = CARTESIAN_POINT('',(77.660128960314,-102.1255880979,5.095));
#2867 = VECTOR('',#2868,1.);
#2868 = DIRECTION('',(0.,0.,-1.));
#2869 = ORIENTED_EDGE('',*,*,#2870,.F.);
#2870 = EDGE_CURVE('',#2813,#2863,#2871,.T.);
#2871 = LINE('',#2872,#2873);
#2872 = CARTESIAN_POINT('',(77.660128960314,-102.5452940489,3.362));
#2873 = VECTOR('',#2874,1.);
#2874 = DIRECTION('',(0.,1.,-2.2E-16));
#2875 = ORIENTED_EDGE('',*,*,#2812,.F.);
#2876 = PLANE('',#2877);
#2877 = AXIS2_PLACEMENT_3D('',#2878,#2879,#2880);
#2878 = CARTESIAN_POINT('',(77.660128960314,-102.1255880979,5.095));
#2879 = DIRECTION('',(-1.,-0.,-0.));
#2880 = DIRECTION('',(0.,-1.,0.));
#2881 = ADVANCED_FACE('',(#2882),#2900,.F.);
#2882 = FACE_BOUND('',#2883,.F.);
#2883 = EDGE_LOOP('',(#2884,#2885,#2886,#2894));
#2884 = ORIENTED_EDGE('',*,*,#659,.F.);
#2885 = ORIENTED_EDGE('',*,*,#2847,.T.);
#2886 = ORIENTED_EDGE('',*,*,#2887,.F.);
#2887 = EDGE_CURVE('',#2888,#2839,#2890,.T.);
#2888 = VERTEX_POINT('',#2889);
#2889 = CARTESIAN_POINT('',(75.660128960314,-100.1255880979,3.362));
#2890 = LINE('',#2891,#2892);
#2891 = CARTESIAN_POINT('',(74.930654048986,-100.1255880979,3.362));
#2892 = VECTOR('',#2893,1.);
#2893 = DIRECTION('',(-1.,-0.,-9.E-17));
#2894 = ORIENTED_EDGE('',*,*,#2895,.F.);
#2895 = EDGE_CURVE('',#660,#2888,#2896,.T.);
#2896 = LINE('',#2897,#2898);
#2897 = CARTESIAN_POINT('',(75.660128960314,-100.1255880979,5.095));
#2898 = VECTOR('',#2899,1.);
#2899 = DIRECTION('',(0.,0.,-1.));
#2900 = PLANE('',#2901);
#2901 = AXIS2_PLACEMENT_3D('',#2902,#2903,#2904);
#2902 = CARTESIAN_POINT('',(74.553448097973,-100.1255880979,5.095));
#2903 = DIRECTION('',(0.,-1.,0.));
#2904 = DIRECTION('',(1.,0.,0.));
#2905 = ADVANCED_FACE('',(#2906),#2918,.T.);
#2906 = FACE_BOUND('',#2907,.F.);
#2907 = EDGE_LOOP('',(#2908,#2909,#2910,#2917));
#2908 = ORIENTED_EDGE('',*,*,#667,.F.);
#2909 = ORIENTED_EDGE('',*,*,#2895,.T.);
#2910 = ORIENTED_EDGE('',*,*,#2911,.F.);
#2911 = EDGE_CURVE('',#2863,#2888,#2912,.T.);
#2912 = CIRCLE('',#2913,2.);
#2913 = AXIS2_PLACEMENT_3D('',#2914,#2915,#2916);
#2914 = CARTESIAN_POINT('',(75.660128960314,-102.1255880979,3.362));
#2915 = DIRECTION('',(0.,0.,1.));
#2916 = DIRECTION('',(1.,0.,0.));
#2917 = ORIENTED_EDGE('',*,*,#2862,.F.);
#2918 = CYLINDRICAL_SURFACE('',#2919,2.);
#2919 = AXIS2_PLACEMENT_3D('',#2920,#2921,#2922);
#2920 = CARTESIAN_POINT('',(75.660128960314,-102.1255880979,5.095));
#2921 = DIRECTION('',(0.,0.,1.));
#2922 = DIRECTION('',(1.,0.,0.));
#2923 = ADVANCED_FACE('',(#2924),#2950,.T.);
#2924 = FACE_BOUND('',#2925,.F.);
#2925 = EDGE_LOOP('',(#2926,#2927,#2935,#2944));
#2926 = ORIENTED_EDGE('',*,*,#701,.F.);
#2927 = ORIENTED_EDGE('',*,*,#2928,.T.);
#2928 = EDGE_CURVE('',#702,#2929,#2931,.T.);
#2929 = VERTEX_POINT('',#2930);
#2930 = CARTESIAN_POINT('',(98.412499,-103.4901,2.908));
#2931 = LINE('',#2932,#2933);
#2932 = CARTESIAN_POINT('',(98.412499,-103.4901,5.095));
#2933 = VECTOR('',#2934,1.);
#2934 = DIRECTION('',(0.,0.,-1.));
#2935 = ORIENTED_EDGE('',*,*,#2936,.F.);
#2936 = EDGE_CURVE('',#2937,#2929,#2939,.T.);
#2937 = VERTEX_POINT('',#2938);
#2938 = CARTESIAN_POINT('',(96.412499,-101.4901,2.908));
#2939 = CIRCLE('',#2940,2.);
#2940 = AXIS2_PLACEMENT_3D('',#2941,#2942,#2943);
#2941 = CARTESIAN_POINT('',(98.412499,-101.4901,2.908));
#2942 = DIRECTION('',(0.,0.,1.));
#2943 = DIRECTION('',(1.,0.,0.));
#2944 = ORIENTED_EDGE('',*,*,#2945,.F.);
#2945 = EDGE_CURVE('',#704,#2937,#2946,.T.);
#2946 = LINE('',#2947,#2948);
#2947 = CARTESIAN_POINT('',(96.412499,-101.4901,5.095));
#2948 = VECTOR('',#2949,1.);
#2949 = DIRECTION('',(0.,0.,-1.));
#2950 = CYLINDRICAL_SURFACE('',#2951,2.);
#2951 = AXIS2_PLACEMENT_3D('',#2952,#2953,#2954);
#2952 = CARTESIAN_POINT('',(98.412499,-101.4901,5.095));
#2953 = DIRECTION('',(0.,0.,1.));
#2954 = DIRECTION('',(1.,0.,0.));
#2955 = ADVANCED_FACE('',(#2956),#2974,.F.);
#2956 = FACE_BOUND('',#2957,.F.);
#2957 = EDGE_LOOP('',(#2958,#2959,#2967,#2973));
#2958 = ORIENTED_EDGE('',*,*,#763,.F.);
#2959 = ORIENTED_EDGE('',*,*,#2960,.T.);
#2960 = EDGE_CURVE('',#755,#2961,#2963,.T.);
#2961 = VERTEX_POINT('',#2962);
#2962 = CARTESIAN_POINT('',(99.826499,-103.4901,2.908));
#2963 = LINE('',#2964,#2965);
#2964 = CARTESIAN_POINT('',(99.826499,-103.4901,5.095));
#2965 = VECTOR('',#2966,1.);
#2966 = DIRECTION('',(0.,0.,-1.));
#2967 = ORIENTED_EDGE('',*,*,#2968,.F.);
#2968 = EDGE_CURVE('',#2929,#2961,#2969,.T.);
#2969 = LINE('',#2970,#2971);
#2970 = CARTESIAN_POINT('',(98.469499,-103.4901,2.908));
#2971 = VECTOR('',#2972,1.);
#2972 = DIRECTION('',(1.,0.,0.));
#2973 = ORIENTED_EDGE('',*,*,#2928,.F.);
#2974 = PLANE('',#2975);
#2975 = AXIS2_PLACEMENT_3D('',#2976,#2977,#2978);
#2976 = CARTESIAN_POINT('',(99.826499,-103.4901,5.095));
#2977 = DIRECTION('',(0.,1.,0.));
#2978 = DIRECTION('',(-1.,0.,0.));
#2979 = ADVANCED_FACE('',(#2980),#2999,.T.);
#2980 = FACE_BOUND('',#2981,.F.);
#2981 = EDGE_LOOP('',(#2982,#2983,#2991,#2998));
#2982 = ORIENTED_EDGE('',*,*,#754,.F.);
#2983 = ORIENTED_EDGE('',*,*,#2984,.T.);
#2984 = EDGE_CURVE('',#747,#2985,#2987,.T.);
#2985 = VERTEX_POINT('',#2986);
#2986 = CARTESIAN_POINT('',(101.826499,-101.4901,2.908));
#2987 = LINE('',#2988,#2989);
#2988 = CARTESIAN_POINT('',(101.826499,-101.4901,5.095));
#2989 = VECTOR('',#2990,1.);
#2990 = DIRECTION('',(0.,0.,-1.));
#2991 = ORIENTED_EDGE('',*,*,#2992,.F.);
#2992 = EDGE_CURVE('',#2961,#2985,#2993,.T.);
#2993 = CIRCLE('',#2994,2.);
#2994 = AXIS2_PLACEMENT_3D('',#2995,#2996,#2997);
#2995 = CARTESIAN_POINT('',(99.826499,-101.4901,2.908));
#2996 = DIRECTION('',(0.,0.,1.));
#2997 = DIRECTION('',(1.,0.,0.));
#2998 = ORIENTED_EDGE('',*,*,#2960,.F.);
#2999 = CYLINDRICAL_SURFACE('',#3000,2.);
#3000 = AXIS2_PLACEMENT_3D('',#3001,#3002,#3003);
#3001 = CARTESIAN_POINT('',(99.826499,-101.4901,5.095));
#3002 = DIRECTION('',(0.,0.,1.));
#3003 = DIRECTION('',(1.,0.,0.));
#3004 = ADVANCED_FACE('',(#3005),#3023,.F.);
#3005 = FACE_BOUND('',#3006,.F.);
#3006 = EDGE_LOOP('',(#3007,#3008,#3016,#3022));
#3007 = ORIENTED_EDGE('',*,*,#746,.F.);
#3008 = ORIENTED_EDGE('',*,*,#3009,.T.);
#3009 = EDGE_CURVE('',#738,#3010,#3012,.T.);
#3010 = VERTEX_POINT('',#3011);
#3011 = CARTESIAN_POINT('',(101.826499,-99.0861,2.908));
#3012 = LINE('',#3013,#3014);
#3013 = CARTESIAN_POINT('',(101.826499,-99.0861,5.095));
#3014 = VECTOR('',#3015,1.);
#3015 = DIRECTION('',(0.,0.,-1.));
#3016 = ORIENTED_EDGE('',*,*,#3017,.F.);
#3017 = EDGE_CURVE('',#2985,#3010,#3018,.T.);
#3018 = LINE('',#3019,#3020);
#3019 = CARTESIAN_POINT('',(101.826499,-100.9381,2.908));
#3020 = VECTOR('',#3021,1.);
#3021 = DIRECTION('',(0.,1.,0.));
#3022 = ORIENTED_EDGE('',*,*,#2984,.F.);
#3023 = PLANE('',#3024);
#3024 = AXIS2_PLACEMENT_3D('',#3025,#3026,#3027);
#3025 = CARTESIAN_POINT('',(101.826499,-99.0861,5.095));
#3026 = DIRECTION('',(-1.,-0.,-0.));
#3027 = DIRECTION('',(0.,-1.,0.));
#3028 = ADVANCED_FACE('',(#3029),#3048,.T.);
#3029 = FACE_BOUND('',#3030,.F.);
#3030 = EDGE_LOOP('',(#3031,#3032,#3040,#3047));
#3031 = ORIENTED_EDGE('',*,*,#737,.F.);
#3032 = ORIENTED_EDGE('',*,*,#3033,.T.);
#3033 = EDGE_CURVE('',#730,#3034,#3036,.T.);
#3034 = VERTEX_POINT('',#3035);
#3035 = CARTESIAN_POINT('',(99.826499,-97.0861,2.908));
#3036 = LINE('',#3037,#3038);
#3037 = CARTESIAN_POINT('',(99.826499,-97.0861,5.095));
#3038 = VECTOR('',#3039,1.);
#3039 = DIRECTION('',(0.,0.,-1.));
#3040 = ORIENTED_EDGE('',*,*,#3041,.F.);
#3041 = EDGE_CURVE('',#3010,#3034,#3042,.T.);
#3042 = CIRCLE('',#3043,2.);
#3043 = AXIS2_PLACEMENT_3D('',#3044,#3045,#3046);
#3044 = CARTESIAN_POINT('',(99.826499,-99.0861,2.908));
#3045 = DIRECTION('',(0.,0.,1.));
#3046 = DIRECTION('',(1.,0.,0.));
#3047 = ORIENTED_EDGE('',*,*,#3009,.F.);
#3048 = CYLINDRICAL_SURFACE('',#3049,2.);
#3049 = AXIS2_PLACEMENT_3D('',#3050,#3051,#3052);
#3050 = CARTESIAN_POINT('',(99.826499,-99.0861,5.095));
#3051 = DIRECTION('',(0.,0.,1.));
#3052 = DIRECTION('',(1.,0.,0.));
#3053 = ADVANCED_FACE('',(#3054),#3072,.F.);
#3054 = FACE_BOUND('',#3055,.F.);
#3055 = EDGE_LOOP('',(#3056,#3057,#3065,#3071));
#3056 = ORIENTED_EDGE('',*,*,#729,.F.);
#3057 = ORIENTED_EDGE('',*,*,#3058,.T.);
#3058 = EDGE_CURVE('',#721,#3059,#3061,.T.);
#3059 = VERTEX_POINT('',#3060);
#3060 = CARTESIAN_POINT('',(98.412499,-97.0861,2.908));
#3061 = LINE('',#3062,#3063);
#3062 = CARTESIAN_POINT('',(98.412499,-97.0861,5.095));
#3063 = VECTOR('',#3064,1.);
#3064 = DIRECTION('',(0.,0.,-1.));
#3065 = ORIENTED_EDGE('',*,*,#3066,.F.);
#3066 = EDGE_CURVE('',#3034,#3059,#3067,.T.);
#3067 = LINE('',#3068,#3069);
#3068 = CARTESIAN_POINT('',(97.762499,-97.0861,2.908));
#3069 = VECTOR('',#3070,1.);
#3070 = DIRECTION('',(-1.,0.,0.));
#3071 = ORIENTED_EDGE('',*,*,#3033,.F.);
#3072 = PLANE('',#3073);
#3073 = AXIS2_PLACEMENT_3D('',#3074,#3075,#3076);
#3074 = CARTESIAN_POINT('',(98.412499,-97.0861,5.095));
#3075 = DIRECTION('',(0.,-1.,0.));
#3076 = DIRECTION('',(1.,0.,0.));
#3077 = ADVANCED_FACE('',(#3078),#3097,.T.);
#3078 = FACE_BOUND('',#3079,.F.);
#3079 = EDGE_LOOP('',(#3080,#3081,#3089,#3096));
#3080 = ORIENTED_EDGE('',*,*,#720,.F.);
#3081 = ORIENTED_EDGE('',*,*,#3082,.T.);
#3082 = EDGE_CURVE('',#713,#3083,#3085,.T.);
#3083 = VERTEX_POINT('',#3084);
#3084 = CARTESIAN_POINT('',(96.412499,-99.0861,2.908));
#3085 = LINE('',#3086,#3087);
#3086 = CARTESIAN_POINT('',(96.412499,-99.0861,5.095));
#3087 = VECTOR('',#3088,1.);
#3088 = DIRECTION('',(0.,0.,-1.));
#3089 = ORIENTED_EDGE('',*,*,#3090,.F.);
#3090 = EDGE_CURVE('',#3059,#3083,#3091,.T.);
#3091 = CIRCLE('',#3092,2.);
#3092 = AXIS2_PLACEMENT_3D('',#3093,#3094,#3095);
#3093 = CARTESIAN_POINT('',(98.412499,-99.0861,2.908));
#3094 = DIRECTION('',(0.,0.,1.));
#3095 = DIRECTION('',(1.,0.,0.));
#3096 = ORIENTED_EDGE('',*,*,#3058,.F.);
#3097 = CYLINDRICAL_SURFACE('',#3098,2.);
#3098 = AXIS2_PLACEMENT_3D('',#3099,#3100,#3101);
#3099 = CARTESIAN_POINT('',(98.412499,-99.0861,5.095));
#3100 = DIRECTION('',(0.,0.,1.));
#3101 = DIRECTION('',(1.,0.,0.));
#3102 = ADVANCED_FACE('',(#3103),#3114,.F.);
#3103 = FACE_BOUND('',#3104,.F.);
#3104 = EDGE_LOOP('',(#3105,#3106,#3107,#3113));
#3105 = ORIENTED_EDGE('',*,*,#712,.F.);
#3106 = ORIENTED_EDGE('',*,*,#2945,.T.);
#3107 = ORIENTED_EDGE('',*,*,#3108,.F.);
#3108 = EDGE_CURVE('',#3083,#2937,#3109,.T.);
#3109 = LINE('',#3110,#3111);
#3110 = CARTESIAN_POINT('',(96.412499,-102.1401,2.908));
#3111 = VECTOR('',#3112,1.);
#3112 = DIRECTION('',(0.,-1.,0.));
#3113 = ORIENTED_EDGE('',*,*,#3082,.F.);
#3114 = PLANE('',#3115);
#3115 = AXIS2_PLACEMENT_3D('',#3116,#3117,#3118);
#3116 = CARTESIAN_POINT('',(96.412499,-101.4901,5.095));
#3117 = DIRECTION('',(1.,0.,0.));
#3118 = DIRECTION('',(0.,1.,0.));
#3119 = ADVANCED_FACE('',(#3120),#3139,.F.);
#3120 = FACE_BOUND('',#3121,.F.);
#3121 = EDGE_LOOP('',(#3122,#3130,#3137,#3138));
#3122 = ORIENTED_EDGE('',*,*,#3123,.T.);
#3123 = EDGE_CURVE('',#772,#3124,#3126,.T.);
#3124 = VERTEX_POINT('',#3125);
#3125 = CARTESIAN_POINT('',(128.2,-110.9,10.095));
#3126 = LINE('',#3127,#3128);
#3127 = CARTESIAN_POINT('',(128.2,-110.9,5.095));
#3128 = VECTOR('',#3129,1.);
#3129 = DIRECTION('',(0.,0.,1.));
#3130 = ORIENTED_EDGE('',*,*,#3131,.T.);
#3131 = EDGE_CURVE('',#3124,#3124,#3132,.T.);
#3132 = CIRCLE('',#3133,2.5);
#3133 = AXIS2_PLACEMENT_3D('',#3134,#3135,#3136);
#3134 = CARTESIAN_POINT('',(125.7,-110.9,10.095));
#3135 = DIRECTION('',(0.,0.,-1.));
#3136 = DIRECTION('',(1.,0.,0.));
#3137 = ORIENTED_EDGE('',*,*,#3123,.F.);
#3138 = ORIENTED_EDGE('',*,*,#771,.F.);
#3139 = CYLINDRICAL_SURFACE('',#3140,2.5);
#3140 = AXIS2_PLACEMENT_3D('',#3141,#3142,#3143);
#3141 = CARTESIAN_POINT('',(125.7,-110.9,5.095));
#3142 = DIRECTION('',(0.,0.,-1.));
#3143 = DIRECTION('',(1.,0.,0.));
#3144 = ADVANCED_FACE('',(#3145),#3171,.F.);
#3145 = FACE_BOUND('',#3146,.F.);
#3146 = EDGE_LOOP('',(#3147,#3155,#3164,#3170));
#3147 = ORIENTED_EDGE('',*,*,#3148,.T.);
#3148 = EDGE_CURVE('',#783,#3149,#3151,.T.);
#3149 = VERTEX_POINT('',#3150);
#3150 = CARTESIAN_POINT('',(130.85,-108.65,6.995));
#3151 = LINE('',#3152,#3153);
#3152 = CARTESIAN_POINT('',(130.85,-108.65,5.095));
#3153 = VECTOR('',#3154,1.);
#3154 = DIRECTION('',(0.,0.,1.));
#3155 = ORIENTED_EDGE('',*,*,#3156,.T.);
#3156 = EDGE_CURVE('',#3149,#3157,#3159,.T.);
#3157 = VERTEX_POINT('',#3158);
#3158 = CARTESIAN_POINT('',(132.85,-106.65,6.995));
#3159 = CIRCLE('',#3160,2.);
#3160 = AXIS2_PLACEMENT_3D('',#3161,#3162,#3163);
#3161 = CARTESIAN_POINT('',(132.85,-108.65,6.995));
#3162 = DIRECTION('',(0.,0.,-1.));
#3163 = DIRECTION('',(1.,0.,0.));
#3164 = ORIENTED_EDGE('',*,*,#3165,.F.);
#3165 = EDGE_CURVE('',#785,#3157,#3166,.T.);
#3166 = LINE('',#3167,#3168);
#3167 = CARTESIAN_POINT('',(132.85,-106.65,5.095));
#3168 = VECTOR('',#3169,1.);
#3169 = DIRECTION('',(0.,0.,1.));
#3170 = ORIENTED_EDGE('',*,*,#782,.F.);
#3171 = CYLINDRICAL_SURFACE('',#3172,2.);
#3172 = AXIS2_PLACEMENT_3D('',#3173,#3174,#3175);
#3173 = CARTESIAN_POINT('',(132.85,-108.65,5.095));
#3174 = DIRECTION('',(0.,0.,-1.));
#3175 = DIRECTION('',(1.,0.,0.));
#3176 = ADVANCED_FACE('',(#3177),#3195,.F.);
#3177 = FACE_BOUND('',#3178,.F.);
#3178 = EDGE_LOOP('',(#3179,#3187,#3193,#3194));
#3179 = ORIENTED_EDGE('',*,*,#3180,.T.);
#3180 = EDGE_CURVE('',#836,#3181,#3183,.T.);
#3181 = VERTEX_POINT('',#3182);
#3182 = CARTESIAN_POINT('',(130.85,-118.35,6.995));
#3183 = LINE('',#3184,#3185);
#3184 = CARTESIAN_POINT('',(130.85,-118.35,5.095));
#3185 = VECTOR('',#3186,1.);
#3186 = DIRECTION('',(0.,0.,1.));
#3187 = ORIENTED_EDGE('',*,*,#3188,.T.);
#3188 = EDGE_CURVE('',#3181,#3149,#3189,.T.);
#3189 = LINE('',#3190,#3191);
#3190 = CARTESIAN_POINT('',(130.85,-118.35,6.995));
#3191 = VECTOR('',#3192,1.);
#3192 = DIRECTION('',(0.,1.,0.));
#3193 = ORIENTED_EDGE('',*,*,#3148,.F.);
#3194 = ORIENTED_EDGE('',*,*,#844,.F.);
#3195 = PLANE('',#3196);
#3196 = AXIS2_PLACEMENT_3D('',#3197,#3198,#3199);
#3197 = CARTESIAN_POINT('',(130.85,-118.35,5.095));
#3198 = DIRECTION('',(-1.,0.,0.));
#3199 = DIRECTION('',(0.,1.,0.));
#3200 = ADVANCED_FACE('',(#3201),#3219,.F.);
#3201 = FACE_BOUND('',#3202,.F.);
#3202 = EDGE_LOOP('',(#3203,#3204,#3212,#3218));
#3203 = ORIENTED_EDGE('',*,*,#3165,.T.);
#3204 = ORIENTED_EDGE('',*,*,#3205,.T.);
#3205 = EDGE_CURVE('',#3157,#3206,#3208,.T.);
#3206 = VERTEX_POINT('',#3207);
#3207 = CARTESIAN_POINT('',(142.85,-106.65,6.995));
#3208 = LINE('',#3209,#3210);
#3209 = CARTESIAN_POINT('',(132.85,-106.65,6.995));
#3210 = VECTOR('',#3211,1.);
#3211 = DIRECTION('',(1.,0.,0.));
#3212 = ORIENTED_EDGE('',*,*,#3213,.F.);
#3213 = EDGE_CURVE('',#794,#3206,#3214,.T.);
#3214 = LINE('',#3215,#3216);
#3215 = CARTESIAN_POINT('',(142.85,-106.65,5.095));
#3216 = VECTOR('',#3217,1.);
#3217 = DIRECTION('',(0.,0.,1.));
#3218 = ORIENTED_EDGE('',*,*,#793,.F.);
#3219 = PLANE('',#3220);
#3220 = AXIS2_PLACEMENT_3D('',#3221,#3222,#3223);
#3221 = CARTESIAN_POINT('',(132.85,-106.65,5.095));
#3222 = DIRECTION('',(0.,1.,0.));
#3223 = DIRECTION('',(1.,0.,0.));
#3224 = ADVANCED_FACE('',(#3225),#3244,.F.);
#3225 = FACE_BOUND('',#3226,.F.);
#3226 = EDGE_LOOP('',(#3227,#3235,#3242,#3243));
#3227 = ORIENTED_EDGE('',*,*,#3228,.T.);
#3228 = EDGE_CURVE('',#828,#3229,#3231,.T.);
#3229 = VERTEX_POINT('',#3230);
#3230 = CARTESIAN_POINT('',(132.85,-120.35,6.995));
#3231 = LINE('',#3232,#3233);
#3232 = CARTESIAN_POINT('',(132.85,-120.35,5.095));
#3233 = VECTOR('',#3234,1.);
#3234 = DIRECTION('',(0.,0.,1.));
#3235 = ORIENTED_EDGE('',*,*,#3236,.T.);
#3236 = EDGE_CURVE('',#3229,#3181,#3237,.T.);
#3237 = CIRCLE('',#3238,2.);
#3238 = AXIS2_PLACEMENT_3D('',#3239,#3240,#3241);
#3239 = CARTESIAN_POINT('',(132.85,-118.35,6.995));
#3240 = DIRECTION('',(0.,0.,-1.));
#3241 = DIRECTION('',(1.,0.,0.));
#3242 = ORIENTED_EDGE('',*,*,#3180,.F.);
#3243 = ORIENTED_EDGE('',*,*,#835,.F.);
#3244 = CYLINDRICAL_SURFACE('',#3245,2.);
#3245 = AXIS2_PLACEMENT_3D('',#3246,#3247,#3248);
#3246 = CARTESIAN_POINT('',(132.85,-118.35,5.095));
#3247 = DIRECTION('',(0.,0.,-1.));
#3248 = DIRECTION('',(1.,0.,0.));
#3249 = ADVANCED_FACE('',(#3250),#3269,.F.);
#3250 = FACE_BOUND('',#3251,.F.);
#3251 = EDGE_LOOP('',(#3252,#3253,#3262,#3268));
#3252 = ORIENTED_EDGE('',*,*,#3213,.T.);
#3253 = ORIENTED_EDGE('',*,*,#3254,.T.);
#3254 = EDGE_CURVE('',#3206,#3255,#3257,.T.);
#3255 = VERTEX_POINT('',#3256);
#3256 = CARTESIAN_POINT('',(144.85,-108.65,6.995));
#3257 = CIRCLE('',#3258,2.);
#3258 = AXIS2_PLACEMENT_3D('',#3259,#3260,#3261);
#3259 = CARTESIAN_POINT('',(142.85,-108.65,6.995));
#3260 = DIRECTION('',(0.,0.,-1.));
#3261 = DIRECTION('',(1.,0.,0.));
#3262 = ORIENTED_EDGE('',*,*,#3263,.F.);
#3263 = EDGE_CURVE('',#802,#3255,#3264,.T.);
#3264 = LINE('',#3265,#3266);
#3265 = CARTESIAN_POINT('',(144.85,-108.65,5.095));
#3266 = VECTOR('',#3267,1.);
#3267 = DIRECTION('',(0.,0.,1.));
#3268 = ORIENTED_EDGE('',*,*,#801,.F.);
#3269 = CYLINDRICAL_SURFACE('',#3270,2.);
#3270 = AXIS2_PLACEMENT_3D('',#3271,#3272,#3273);
#3271 = CARTESIAN_POINT('',(142.85,-108.65,5.095));
#3272 = DIRECTION('',(0.,0.,-1.));
#3273 = DIRECTION('',(1.,0.,0.));
#3274 = ADVANCED_FACE('',(#3275),#3293,.F.);
#3275 = FACE_BOUND('',#3276,.F.);
#3276 = EDGE_LOOP('',(#3277,#3285,#3291,#3292));
#3277 = ORIENTED_EDGE('',*,*,#3278,.T.);
#3278 = EDGE_CURVE('',#819,#3279,#3281,.T.);
#3279 = VERTEX_POINT('',#3280);
#3280 = CARTESIAN_POINT('',(142.85,-120.35,6.995));
#3281 = LINE('',#3282,#3283);
#3282 = CARTESIAN_POINT('',(142.85,-120.35,5.095));
#3283 = VECTOR('',#3284,1.);
#3284 = DIRECTION('',(0.,0.,1.));
#3285 = ORIENTED_EDGE('',*,*,#3286,.T.);
#3286 = EDGE_CURVE('',#3279,#3229,#3287,.T.);
#3287 = LINE('',#3288,#3289);
#3288 = CARTESIAN_POINT('',(142.85,-120.35,6.995));
#3289 = VECTOR('',#3290,1.);
#3290 = DIRECTION('',(-1.,0.,0.));
#3291 = ORIENTED_EDGE('',*,*,#3228,.F.);
#3292 = ORIENTED_EDGE('',*,*,#827,.F.);
#3293 = PLANE('',#3294);
#3294 = AXIS2_PLACEMENT_3D('',#3295,#3296,#3297);
#3295 = CARTESIAN_POINT('',(142.85,-120.35,5.095));
#3296 = DIRECTION('',(0.,-1.,0.));
#3297 = DIRECTION('',(-1.,0.,0.));
#3298 = ADVANCED_FACE('',(#3299),#3317,.F.);
#3299 = FACE_BOUND('',#3300,.F.);
#3300 = EDGE_LOOP('',(#3301,#3302,#3310,#3316));
#3301 = ORIENTED_EDGE('',*,*,#3263,.T.);
#3302 = ORIENTED_EDGE('',*,*,#3303,.T.);
#3303 = EDGE_CURVE('',#3255,#3304,#3306,.T.);
#3304 = VERTEX_POINT('',#3305);
#3305 = CARTESIAN_POINT('',(144.85,-118.35,6.995));
#3306 = LINE('',#3307,#3308);
#3307 = CARTESIAN_POINT('',(144.85,-108.65,6.995));
#3308 = VECTOR('',#3309,1.);
#3309 = DIRECTION('',(0.,-1.,0.));
#3310 = ORIENTED_EDGE('',*,*,#3311,.F.);
#3311 = EDGE_CURVE('',#811,#3304,#3312,.T.);
#3312 = LINE('',#3313,#3314);
#3313 = CARTESIAN_POINT('',(144.85,-118.35,5.095));
#3314 = VECTOR('',#3315,1.);
#3315 = DIRECTION('',(0.,0.,1.));
#3316 = ORIENTED_EDGE('',*,*,#810,.F.);
#3317 = PLANE('',#3318);
#3318 = AXIS2_PLACEMENT_3D('',#3319,#3320,#3321);
#3319 = CARTESIAN_POINT('',(144.85,-108.65,5.095));
#3320 = DIRECTION('',(1.,0.,0.));
#3321 = DIRECTION('',(0.,-1.,0.));
#3322 = ADVANCED_FACE('',(#3323),#3335,.F.);
#3323 = FACE_BOUND('',#3324,.F.);
#3324 = EDGE_LOOP('',(#3325,#3326,#3333,#3334));
#3325 = ORIENTED_EDGE('',*,*,#3311,.T.);
#3326 = ORIENTED_EDGE('',*,*,#3327,.T.);
#3327 = EDGE_CURVE('',#3304,#3279,#3328,.T.);
#3328 = CIRCLE('',#3329,2.);
#3329 = AXIS2_PLACEMENT_3D('',#3330,#3331,#3332);
#3330 = CARTESIAN_POINT('',(142.85,-118.35,6.995));
#3331 = DIRECTION('',(0.,0.,-1.));
#3332 = DIRECTION('',(1.,0.,0.));
#3333 = ORIENTED_EDGE('',*,*,#3278,.F.);
#3334 = ORIENTED_EDGE('',*,*,#818,.F.);
#3335 = CYLINDRICAL_SURFACE('',#3336,2.);
#3336 = AXIS2_PLACEMENT_3D('',#3337,#3338,#3339);
#3337 = CARTESIAN_POINT('',(142.85,-118.35,5.095));
#3338 = DIRECTION('',(0.,0.,-1.));
#3339 = DIRECTION('',(1.,0.,0.));
#3340 = ADVANCED_FACE('',(#3341),#3360,.F.);
#3341 = FACE_BOUND('',#3342,.F.);
#3342 = EDGE_LOOP('',(#3343,#3351,#3358,#3359));
#3343 = ORIENTED_EDGE('',*,*,#3344,.T.);
#3344 = EDGE_CURVE('',#853,#3345,#3347,.T.);
#3345 = VERTEX_POINT('',#3346);
#3346 = CARTESIAN_POINT('',(154.2,-110.9,10.095));
#3347 = LINE('',#3348,#3349);
#3348 = CARTESIAN_POINT('',(154.2,-110.9,5.095));
#3349 = VECTOR('',#3350,1.);
#3350 = DIRECTION('',(0.,0.,1.));
#3351 = ORIENTED_EDGE('',*,*,#3352,.T.);
#3352 = EDGE_CURVE('',#3345,#3345,#3353,.T.);
#3353 = CIRCLE('',#3354,2.5);
#3354 = AXIS2_PLACEMENT_3D('',#3355,#3356,#3357);
#3355 = CARTESIAN_POINT('',(151.7,-110.9,10.095));
#3356 = DIRECTION('',(0.,0.,-1.));
#3357 = DIRECTION('',(1.,0.,0.));
#3358 = ORIENTED_EDGE('',*,*,#3344,.F.);
#3359 = ORIENTED_EDGE('',*,*,#852,.F.);
#3360 = CYLINDRICAL_SURFACE('',#3361,2.5);
#3361 = AXIS2_PLACEMENT_3D('',#3362,#3363,#3364);
#3362 = CARTESIAN_POINT('',(151.7,-110.9,5.095));
#3363 = DIRECTION('',(0.,0.,-1.));
#3364 = DIRECTION('',(1.,0.,0.));
#3365 = ADVANCED_FACE('',(#3366),#3391,.F.);
#3366 = FACE_BOUND('',#3367,.F.);
#3367 = EDGE_LOOP('',(#3368,#3369,#3377,#3385));
#3368 = ORIENTED_EDGE('',*,*,#863,.F.);
#3369 = ORIENTED_EDGE('',*,*,#3370,.T.);
#3370 = EDGE_CURVE('',#864,#3371,#3373,.T.);
#3371 = VERTEX_POINT('',#3372);
#3372 = CARTESIAN_POINT('',(103.85,-90.,8.495));
#3373 = LINE('',#3374,#3375);
#3374 = CARTESIAN_POINT('',(103.85,-90.,5.095));
#3375 = VECTOR('',#3376,1.);
#3376 = DIRECTION('',(0.,1.2E-16,1.));
#3377 = ORIENTED_EDGE('',*,*,#3378,.T.);
#3378 = EDGE_CURVE('',#3371,#3379,#3381,.T.);
#3379 = VERTEX_POINT('',#3380);
#3380 = CARTESIAN_POINT('',(93.85,-90.,8.495));
#3381 = LINE('',#3382,#3383);
#3382 = CARTESIAN_POINT('',(101.35,-90.,8.495));
#3383 = VECTOR('',#3384,1.);
#3384 = DIRECTION('',(-1.,0.,0.));
#3385 = ORIENTED_EDGE('',*,*,#3386,.F.);
#3386 = EDGE_CURVE('',#866,#3379,#3387,.T.);
#3387 = LINE('',#3388,#3389);
#3388 = CARTESIAN_POINT('',(93.85,-90.,5.095));
#3389 = VECTOR('',#3390,1.);
#3390 = DIRECTION('',(0.,1.2E-16,1.));
#3391 = PLANE('',#3392);
#3392 = AXIS2_PLACEMENT_3D('',#3393,#3394,#3395);
#3393 = CARTESIAN_POINT('',(103.85,-90.,5.095));
#3394 = DIRECTION('',(0.,-1.,1.2E-16));
#3395 = DIRECTION('',(-1.,0.,0.));
#3396 = ADVANCED_FACE('',(#3397),#3416,.F.);
#3397 = FACE_BOUND('',#3398,.F.);
#3398 = EDGE_LOOP('',(#3399,#3400,#3408,#3415));
#3399 = ORIENTED_EDGE('',*,*,#1060,.F.);
#3400 = ORIENTED_EDGE('',*,*,#3401,.T.);
#3401 = EDGE_CURVE('',#1053,#3402,#3404,.T.);
#3402 = VERTEX_POINT('',#3403);
#3403 = CARTESIAN_POINT('',(105.85,-88.,8.495));
#3404 = LINE('',#3405,#3406);
#3405 = CARTESIAN_POINT('',(105.85,-88.,5.095));
#3406 = VECTOR('',#3407,1.);
#3407 = DIRECTION('',(0.,1.2E-16,1.));
#3408 = ORIENTED_EDGE('',*,*,#3409,.T.);
#3409 = EDGE_CURVE('',#3402,#3371,#3410,.T.);
#3410 = CIRCLE('',#3411,2.);
#3411 = AXIS2_PLACEMENT_3D('',#3412,#3413,#3414);
#3412 = CARTESIAN_POINT('',(103.85,-88.,8.495));
#3413 = DIRECTION('',(0.,-1.2E-16,-1.));
#3414 = DIRECTION('',(1.,0.,0.));
#3415 = ORIENTED_EDGE('',*,*,#3370,.F.);
#3416 = CYLINDRICAL_SURFACE('',#3417,2.);
#3417 = AXIS2_PLACEMENT_3D('',#3418,#3419,#3420);
#3418 = CARTESIAN_POINT('',(103.85,-88.,5.095));
#3419 = DIRECTION('',(0.,-1.2E-16,-1.));
#3420 = DIRECTION('',(1.,0.,0.));
#3421 = ADVANCED_FACE('',(#3422),#3441,.F.);
#3422 = FACE_BOUND('',#3423,.F.);
#3423 = EDGE_LOOP('',(#3424,#3425,#3426,#3435));
#3424 = ORIENTED_EDGE('',*,*,#873,.F.);
#3425 = ORIENTED_EDGE('',*,*,#3386,.T.);
#3426 = ORIENTED_EDGE('',*,*,#3427,.T.);
#3427 = EDGE_CURVE('',#3379,#3428,#3430,.T.);
#3428 = VERTEX_POINT('',#3429);
#3429 = CARTESIAN_POINT('',(91.85,-88.,8.495));
#3430 = CIRCLE('',#3431,2.);
#3431 = AXIS2_PLACEMENT_3D('',#3432,#3433,#3434);
#3432 = CARTESIAN_POINT('',(93.85,-88.,8.495));
#3433 = DIRECTION('',(0.,-1.2E-16,-1.));
#3434 = DIRECTION('',(1.,0.,0.));
#3435 = ORIENTED_EDGE('',*,*,#3436,.F.);
#3436 = EDGE_CURVE('',#874,#3428,#3437,.T.);
#3437 = LINE('',#3438,#3439);
#3438 = CARTESIAN_POINT('',(91.85,-88.,5.095));
#3439 = VECTOR('',#3440,1.);
#3440 = DIRECTION('',(0.,1.2E-16,1.));
#3441 = CYLINDRICAL_SURFACE('',#3442,2.);
#3442 = AXIS2_PLACEMENT_3D('',#3443,#3444,#3445);
#3443 = CARTESIAN_POINT('',(93.85,-88.,5.095));
#3444 = DIRECTION('',(0.,-1.2E-16,-1.));
#3445 = DIRECTION('',(1.,0.,0.));
#3446 = ADVANCED_FACE('',(#3447),#3488,.T.);
#3447 = FACE_BOUND('',#3448,.T.);
#3448 = EDGE_LOOP('',(#3449,#3450,#3451,#3459,#3465,#3466,#3474,#3482));
#3449 = ORIENTED_EDGE('',*,*,#1052,.T.);
#3450 = ORIENTED_EDGE('',*,*,#3401,.T.);
#3451 = ORIENTED_EDGE('',*,*,#3452,.F.);
#3452 = EDGE_CURVE('',#3453,#3402,#3455,.T.);
#3453 = VERTEX_POINT('',#3454);
#3454 = CARTESIAN_POINT('',(105.85,-78.2,8.495));
#3455 = LINE('',#3456,#3457);
#3456 = CARTESIAN_POINT('',(105.85,-80.65,8.495));
#3457 = VECTOR('',#3458,1.);
#3458 = DIRECTION('',(0.,-1.,0.));
#3459 = ORIENTED_EDGE('',*,*,#3460,.F.);
#3460 = EDGE_CURVE('',#976,#3453,#3461,.T.);
#3461 = LINE('',#3462,#3463);
#3462 = CARTESIAN_POINT('',(105.85,-78.2,5.095));
#3463 = VECTOR('',#3464,1.);
#3464 = DIRECTION('',(0.,1.2E-16,1.));
#3465 = ORIENTED_EDGE('',*,*,#984,.T.);
#3466 = ORIENTED_EDGE('',*,*,#3467,.T.);
#3467 = EDGE_CURVE('',#985,#3468,#3470,.T.);
#3468 = VERTEX_POINT('',#3469);
#3469 = CARTESIAN_POINT('',(105.85,-85.42753669521,2.825));
#3470 = LINE('',#3471,#3472);
#3471 = CARTESIAN_POINT('',(105.85,-85.42753669521,5.095));
#3472 = VECTOR('',#3473,1.);
#3473 = DIRECTION('',(0.,0.,-1.));
#3474 = ORIENTED_EDGE('',*,*,#3475,.T.);
#3475 = EDGE_CURVE('',#3468,#3476,#3478,.T.);
#3476 = VERTEX_POINT('',#3477);
#3477 = CARTESIAN_POINT('',(105.85,-94.16353223257,2.825));
#3478 = LINE('',#3479,#3480);
#3479 = CARTESIAN_POINT('',(105.85,-91.52726536628,2.825));
#3480 = VECTOR('',#3481,1.);
#3481 = DIRECTION('',(0.,-1.,0.));
#3482 = ORIENTED_EDGE('',*,*,#3483,.F.);
#3483 = EDGE_CURVE('',#1044,#3476,#3484,.T.);
#3484 = LINE('',#3485,#3486);
#3485 = CARTESIAN_POINT('',(105.85,-94.16353223257,5.095));
#3486 = VECTOR('',#3487,1.);
#3487 = DIRECTION('',(0.,0.,-1.));
#3488 = PLANE('',#3489);
#3489 = AXIS2_PLACEMENT_3D('',#3490,#3491,#3492);
#3490 = CARTESIAN_POINT('',(105.85,-86.07661682204,5.554850705754));
#3491 = DIRECTION('',(-1.,2.06E-15,-2.1E-15));
#3492 = DIRECTION('',(2.1E-15,0.,-1.));
#3493 = ADVANCED_FACE('',(#3494),#3543,.T.);
#3494 = FACE_BOUND('',#3495,.T.);
#3495 = EDGE_LOOP('',(#3496,#3504,#3505,#3513,#3519,#3520,#3521,#3529,
    #3537));
#3496 = ORIENTED_EDGE('',*,*,#3497,.T.);
#3497 = EDGE_CURVE('',#3498,#942,#3500,.T.);
#3498 = VERTEX_POINT('',#3499);
#3499 = CARTESIAN_POINT('',(91.85,-86.27948075038,5.095));
#3500 = LINE('',#3501,#3502);
#3501 = CARTESIAN_POINT('',(91.85,-88.,5.095));
#3502 = VECTOR('',#3503,1.);
#3503 = DIRECTION('',(0.,1.,0.));
#3504 = ORIENTED_EDGE('',*,*,#950,.T.);
#3505 = ORIENTED_EDGE('',*,*,#3506,.T.);
#3506 = EDGE_CURVE('',#951,#3507,#3509,.T.);
#3507 = VERTEX_POINT('',#3508);
#3508 = CARTESIAN_POINT('',(91.85,-78.2,8.495));
#3509 = LINE('',#3510,#3511);
#3510 = CARTESIAN_POINT('',(91.85,-78.2,5.095));
#3511 = VECTOR('',#3512,1.);
#3512 = DIRECTION('',(0.,1.2E-16,1.));
#3513 = ORIENTED_EDGE('',*,*,#3514,.F.);
#3514 = EDGE_CURVE('',#3428,#3507,#3515,.T.);
#3515 = LINE('',#3516,#3517);
#3516 = CARTESIAN_POINT('',(91.85,-85.55,8.495));
#3517 = VECTOR('',#3518,1.);
#3518 = DIRECTION('',(0.,1.,0.));
#3519 = ORIENTED_EDGE('',*,*,#3436,.F.);
#3520 = ORIENTED_EDGE('',*,*,#882,.T.);
#3521 = ORIENTED_EDGE('',*,*,#3522,.T.);
#3522 = EDGE_CURVE('',#883,#3523,#3525,.T.);
#3523 = VERTEX_POINT('',#3524);
#3524 = CARTESIAN_POINT('',(91.85,-94.2359476,2.825));
#3525 = LINE('',#3526,#3527);
#3526 = CARTESIAN_POINT('',(91.85,-94.2359476,5.095));
#3527 = VECTOR('',#3528,1.);
#3528 = DIRECTION('',(0.,0.,-1.));
#3529 = ORIENTED_EDGE('',*,*,#3530,.F.);
#3530 = EDGE_CURVE('',#3531,#3523,#3533,.T.);
#3531 = VERTEX_POINT('',#3532);
#3532 = CARTESIAN_POINT('',(91.85,-86.27948075038,2.825));
#3533 = LINE('',#3534,#3535);
#3534 = CARTESIAN_POINT('',(91.85,-88.44549925,2.825));
#3535 = VECTOR('',#3536,1.);
#3536 = DIRECTION('',(-1.652E-14,-1.,0.));
#3537 = ORIENTED_EDGE('',*,*,#3538,.F.);
#3538 = EDGE_CURVE('',#3498,#3531,#3539,.T.);
#3539 = LINE('',#3540,#3541);
#3540 = CARTESIAN_POINT('',(91.85,-86.27948075038,5.095));
#3541 = VECTOR('',#3542,1.);
#3542 = DIRECTION('',(0.,0.,-1.));
#3543 = PLANE('',#3544);
#3544 = AXIS2_PLACEMENT_3D('',#3545,#3546,#3547);
#3545 = CARTESIAN_POINT('',(91.85,-86.15205176357,5.594077963576));
#3546 = DIRECTION('',(1.,-2.24E-15,0.));
#3547 = DIRECTION('',(2.24E-15,1.,0.));
#3548 = ADVANCED_FACE('',(#3549),#3568,.T.);
#3549 = FACE_BOUND('',#3550,.F.);
#3550 = EDGE_LOOP('',(#3551,#3552,#3560,#3567));
#3551 = ORIENTED_EDGE('',*,*,#1043,.F.);
#3552 = ORIENTED_EDGE('',*,*,#3553,.T.);
#3553 = EDGE_CURVE('',#1036,#3554,#3556,.T.);
#3554 = VERTEX_POINT('',#3555);
#3555 = CARTESIAN_POINT('',(107.85,-96.16353223257,2.825));
#3556 = LINE('',#3557,#3558);
#3557 = CARTESIAN_POINT('',(107.85,-96.16353223257,5.095));
#3558 = VECTOR('',#3559,1.);
#3559 = DIRECTION('',(0.,0.,-1.));
#3560 = ORIENTED_EDGE('',*,*,#3561,.F.);
#3561 = EDGE_CURVE('',#3476,#3554,#3562,.T.);
#3562 = CIRCLE('',#3563,2.);
#3563 = AXIS2_PLACEMENT_3D('',#3564,#3565,#3566);
#3564 = CARTESIAN_POINT('',(107.85,-94.16353223257,2.825));
#3565 = DIRECTION('',(0.,0.,1.));
#3566 = DIRECTION('',(1.,0.,0.));
#3567 = ORIENTED_EDGE('',*,*,#3483,.F.);
#3568 = CYLINDRICAL_SURFACE('',#3569,2.);
#3569 = AXIS2_PLACEMENT_3D('',#3570,#3571,#3572);
#3570 = CARTESIAN_POINT('',(107.85,-94.16353223257,5.095));
#3571 = DIRECTION('',(0.,0.,1.));
#3572 = DIRECTION('',(1.,0.,0.));
#3573 = ADVANCED_FACE('',(#3574),#3593,.T.);
#3574 = FACE_BOUND('',#3575,.F.);
#3575 = EDGE_LOOP('',(#3576,#3577,#3578,#3587));
#3576 = ORIENTED_EDGE('',*,*,#890,.F.);
#3577 = ORIENTED_EDGE('',*,*,#3522,.T.);
#3578 = ORIENTED_EDGE('',*,*,#3579,.F.);
#3579 = EDGE_CURVE('',#3580,#3523,#3582,.T.);
#3580 = VERTEX_POINT('',#3581);
#3581 = CARTESIAN_POINT('',(89.85,-96.2359476,2.825));
#3582 = CIRCLE('',#3583,2.);
#3583 = AXIS2_PLACEMENT_3D('',#3584,#3585,#3586);
#3584 = CARTESIAN_POINT('',(89.85,-94.2359476,2.825));
#3585 = DIRECTION('',(0.,0.,1.));
#3586 = DIRECTION('',(1.,0.,0.));
#3587 = ORIENTED_EDGE('',*,*,#3588,.F.);
#3588 = EDGE_CURVE('',#891,#3580,#3589,.T.);
#3589 = LINE('',#3590,#3591);
#3590 = CARTESIAN_POINT('',(89.85,-96.2359476,5.095));
#3591 = VECTOR('',#3592,1.);
#3592 = DIRECTION('',(0.,0.,-1.));
#3593 = CYLINDRICAL_SURFACE('',#3594,2.);
#3594 = AXIS2_PLACEMENT_3D('',#3595,#3596,#3597);
#3595 = CARTESIAN_POINT('',(89.85,-94.2359476,5.095));
#3596 = DIRECTION('',(0.,0.,1.));
#3597 = DIRECTION('',(1.,0.,0.));
#3598 = ADVANCED_FACE('',(#3599),#3617,.F.);
#3599 = FACE_BOUND('',#3600,.F.);
#3600 = EDGE_LOOP('',(#3601,#3602,#3610,#3616));
#3601 = ORIENTED_EDGE('',*,*,#1035,.F.);
#3602 = ORIENTED_EDGE('',*,*,#3603,.T.);
#3603 = EDGE_CURVE('',#1027,#3604,#3606,.T.);
#3604 = VERTEX_POINT('',#3605);
#3605 = CARTESIAN_POINT('',(109.79289879059,-96.16353223257,2.825));
#3606 = LINE('',#3607,#3608);
#3607 = CARTESIAN_POINT('',(109.79289879059,-96.16353223257,5.095));
#3608 = VECTOR('',#3609,1.);
#3609 = DIRECTION('',(0.,0.,-1.));
#3610 = ORIENTED_EDGE('',*,*,#3611,.F.);
#3611 = EDGE_CURVE('',#3554,#3604,#3612,.T.);
#3612 = LINE('',#3613,#3614);
#3613 = CARTESIAN_POINT('',(99.788699145298,-96.16353223257,2.825));
#3614 = VECTOR('',#3615,1.);
#3615 = DIRECTION('',(1.,0.,0.));
#3616 = ORIENTED_EDGE('',*,*,#3553,.F.);
#3617 = PLANE('',#3618);
#3618 = AXIS2_PLACEMENT_3D('',#3619,#3620,#3621);
#3619 = CARTESIAN_POINT('',(109.79289879059,-96.16353223257,5.095));
#3620 = DIRECTION('',(0.,1.,0.));
#3621 = DIRECTION('',(-1.,0.,0.));
#3622 = ADVANCED_FACE('',(#3623),#3641,.F.);
#3623 = FACE_BOUND('',#3624,.F.);
#3624 = EDGE_LOOP('',(#3625,#3626,#3627,#3635));
#3625 = ORIENTED_EDGE('',*,*,#899,.F.);
#3626 = ORIENTED_EDGE('',*,*,#3588,.T.);
#3627 = ORIENTED_EDGE('',*,*,#3628,.F.);
#3628 = EDGE_CURVE('',#3629,#3580,#3631,.T.);
#3629 = VERTEX_POINT('',#3630);
#3630 = CARTESIAN_POINT('',(88.667251820492,-96.2359476,2.825));
#3631 = LINE('',#3632,#3633);
#3632 = CARTESIAN_POINT('',(89.81724975,-96.2359476,2.825));
#3633 = VECTOR('',#3634,1.);
#3634 = DIRECTION('',(1.,0.,0.));
#3635 = ORIENTED_EDGE('',*,*,#3636,.F.);
#3636 = EDGE_CURVE('',#900,#3629,#3637,.T.);
#3637 = LINE('',#3638,#3639);
#3638 = CARTESIAN_POINT('',(88.667251820492,-96.2359476,5.095));
#3639 = VECTOR('',#3640,1.);
#3640 = DIRECTION('',(0.,0.,-1.));
#3641 = PLANE('',#3642);
#3642 = AXIS2_PLACEMENT_3D('',#3643,#3644,#3645);
#3643 = CARTESIAN_POINT('',(89.85,-96.2359476,5.095));
#3644 = DIRECTION('',(0.,1.,0.));
#3645 = DIRECTION('',(-1.,0.,0.));
#3646 = ADVANCED_FACE('',(#3647),#3666,.T.);
#3647 = FACE_BOUND('',#3648,.F.);
#3648 = EDGE_LOOP('',(#3649,#3650,#3658,#3665));
#3649 = ORIENTED_EDGE('',*,*,#1026,.F.);
#3650 = ORIENTED_EDGE('',*,*,#3651,.T.);
#3651 = EDGE_CURVE('',#1019,#3652,#3654,.T.);
#3652 = VERTEX_POINT('',#3653);
#3653 = CARTESIAN_POINT('',(111.79289879059,-94.16353223257,2.825));
#3654 = LINE('',#3655,#3656);
#3655 = CARTESIAN_POINT('',(111.79289879059,-94.16353223257,5.095));
#3656 = VECTOR('',#3657,1.);
#3657 = DIRECTION('',(0.,0.,-1.));
#3658 = ORIENTED_EDGE('',*,*,#3659,.F.);
#3659 = EDGE_CURVE('',#3604,#3652,#3660,.T.);
#3660 = CIRCLE('',#3661,2.);
#3661 = AXIS2_PLACEMENT_3D('',#3662,#3663,#3664);
#3662 = CARTESIAN_POINT('',(109.79289879059,-94.16353223257,2.825));
#3663 = DIRECTION('',(0.,0.,1.));
#3664 = DIRECTION('',(1.,0.,0.));
#3665 = ORIENTED_EDGE('',*,*,#3603,.F.);
#3666 = CYLINDRICAL_SURFACE('',#3667,2.);
#3667 = AXIS2_PLACEMENT_3D('',#3668,#3669,#3670);
#3668 = CARTESIAN_POINT('',(109.79289879059,-94.16353223257,5.095));
#3669 = DIRECTION('',(0.,0.,1.));
#3670 = DIRECTION('',(1.,0.,0.));
#3671 = ADVANCED_FACE('',(#3672),#3691,.T.);
#3672 = FACE_BOUND('',#3673,.F.);
#3673 = EDGE_LOOP('',(#3674,#3675,#3676,#3685));
#3674 = ORIENTED_EDGE('',*,*,#907,.F.);
#3675 = ORIENTED_EDGE('',*,*,#3636,.T.);
#3676 = ORIENTED_EDGE('',*,*,#3677,.F.);
#3677 = EDGE_CURVE('',#3678,#3629,#3680,.T.);
#3678 = VERTEX_POINT('',#3679);
#3679 = CARTESIAN_POINT('',(86.667251820492,-94.2359476,2.825));
#3680 = CIRCLE('',#3681,2.);
#3681 = AXIS2_PLACEMENT_3D('',#3682,#3683,#3684);
#3682 = CARTESIAN_POINT('',(88.667251820492,-94.2359476,2.825));
#3683 = DIRECTION('',(0.,0.,1.));
#3684 = DIRECTION('',(1.,0.,0.));
#3685 = ORIENTED_EDGE('',*,*,#3686,.F.);
#3686 = EDGE_CURVE('',#908,#3678,#3687,.T.);
#3687 = LINE('',#3688,#3689);
#3688 = CARTESIAN_POINT('',(86.667251820492,-94.2359476,5.095));
#3689 = VECTOR('',#3690,1.);
#3690 = DIRECTION('',(0.,0.,-1.));
#3691 = CYLINDRICAL_SURFACE('',#3692,2.);
#3692 = AXIS2_PLACEMENT_3D('',#3693,#3694,#3695);
#3693 = CARTESIAN_POINT('',(88.667251820492,-94.2359476,5.095));
#3694 = DIRECTION('',(0.,0.,1.));
#3695 = DIRECTION('',(1.,0.,0.));
#3696 = ADVANCED_FACE('',(#3697),#3715,.F.);
#3697 = FACE_BOUND('',#3698,.F.);
#3698 = EDGE_LOOP('',(#3699,#3700,#3708,#3714));
#3699 = ORIENTED_EDGE('',*,*,#1018,.F.);
#3700 = ORIENTED_EDGE('',*,*,#3701,.T.);
#3701 = EDGE_CURVE('',#1010,#3702,#3704,.T.);
#3702 = VERTEX_POINT('',#3703);
#3703 = CARTESIAN_POINT('',(111.79289879059,-85.53264795133,2.825));
#3704 = LINE('',#3705,#3706);
#3705 = CARTESIAN_POINT('',(111.79289879059,-85.53264795133,5.095));
#3706 = VECTOR('',#3707,1.);
#3707 = DIRECTION('',(0.,0.,-1.));
#3708 = ORIENTED_EDGE('',*,*,#3709,.F.);
#3709 = EDGE_CURVE('',#3652,#3702,#3710,.T.);
#3710 = LINE('',#3711,#3712);
#3711 = CARTESIAN_POINT('',(111.79289879059,-87.21182322566,2.825));
#3712 = VECTOR('',#3713,1.);
#3713 = DIRECTION('',(0.,1.,0.));
#3714 = ORIENTED_EDGE('',*,*,#3651,.F.);
#3715 = PLANE('',#3716);
#3716 = AXIS2_PLACEMENT_3D('',#3717,#3718,#3719);
#3717 = CARTESIAN_POINT('',(111.79289879059,-85.53264795133,5.095));
#3718 = DIRECTION('',(-1.,-0.,-0.));
#3719 = DIRECTION('',(0.,-1.,0.));
#3720 = ADVANCED_FACE('',(#3721),#3739,.F.);
#3721 = FACE_BOUND('',#3722,.F.);
#3722 = EDGE_LOOP('',(#3723,#3724,#3725,#3733));
#3723 = ORIENTED_EDGE('',*,*,#916,.F.);
#3724 = ORIENTED_EDGE('',*,*,#3686,.T.);
#3725 = ORIENTED_EDGE('',*,*,#3726,.F.);
#3726 = EDGE_CURVE('',#3727,#3678,#3729,.T.);
#3727 = VERTEX_POINT('',#3728);
#3728 = CARTESIAN_POINT('',(86.667251820492,-86.0238476,2.825));
#3729 = LINE('',#3730,#3731);
#3730 = CARTESIAN_POINT('',(86.667251820492,-91.56347305,2.825));
#3731 = VECTOR('',#3732,1.);
#3732 = DIRECTION('',(0.,-1.,0.));
#3733 = ORIENTED_EDGE('',*,*,#3734,.F.);
#3734 = EDGE_CURVE('',#917,#3727,#3735,.T.);
#3735 = LINE('',#3736,#3737);
#3736 = CARTESIAN_POINT('',(86.667251820492,-86.0238476,5.095));
#3737 = VECTOR('',#3738,1.);
#3738 = DIRECTION('',(0.,0.,-1.));
#3739 = PLANE('',#3740);
#3740 = AXIS2_PLACEMENT_3D('',#3741,#3742,#3743);
#3741 = CARTESIAN_POINT('',(86.667251820492,-94.2359476,5.095));
#3742 = DIRECTION('',(1.,0.,0.));
#3743 = DIRECTION('',(0.,1.,0.));
#3744 = ADVANCED_FACE('',(#3745),#3764,.T.);
#3745 = FACE_BOUND('',#3746,.F.);
#3746 = EDGE_LOOP('',(#3747,#3748,#3756,#3763));
#3747 = ORIENTED_EDGE('',*,*,#1009,.F.);
#3748 = ORIENTED_EDGE('',*,*,#3749,.T.);
#3749 = EDGE_CURVE('',#1002,#3750,#3752,.T.);
#3750 = VERTEX_POINT('',#3751);
#3751 = CARTESIAN_POINT('',(109.79289879059,-83.53264795133,2.825));
#3752 = LINE('',#3753,#3754);
#3753 = CARTESIAN_POINT('',(109.79289879059,-83.53264795133,5.095));
#3754 = VECTOR('',#3755,1.);
#3755 = DIRECTION('',(0.,0.,-1.));
#3756 = ORIENTED_EDGE('',*,*,#3757,.F.);
#3757 = EDGE_CURVE('',#3702,#3750,#3758,.T.);
#3758 = CIRCLE('',#3759,2.);
#3759 = AXIS2_PLACEMENT_3D('',#3760,#3761,#3762);
#3760 = CARTESIAN_POINT('',(109.79289879059,-85.53264795133,2.825));
#3761 = DIRECTION('',(0.,0.,1.));
#3762 = DIRECTION('',(1.,0.,0.));
#3763 = ORIENTED_EDGE('',*,*,#3701,.F.);
#3764 = CYLINDRICAL_SURFACE('',#3765,2.);
#3765 = AXIS2_PLACEMENT_3D('',#3766,#3767,#3768);
#3766 = CARTESIAN_POINT('',(109.79289879059,-85.53264795133,5.095));
#3767 = DIRECTION('',(0.,0.,1.));
#3768 = DIRECTION('',(1.,0.,0.));
#3769 = ADVANCED_FACE('',(#3770),#3789,.T.);
#3770 = FACE_BOUND('',#3771,.F.);
#3771 = EDGE_LOOP('',(#3772,#3773,#3774,#3783));
#3772 = ORIENTED_EDGE('',*,*,#924,.F.);
#3773 = ORIENTED_EDGE('',*,*,#3734,.T.);
#3774 = ORIENTED_EDGE('',*,*,#3775,.F.);
#3775 = EDGE_CURVE('',#3776,#3727,#3778,.T.);
#3776 = VERTEX_POINT('',#3777);
#3777 = CARTESIAN_POINT('',(88.667251820492,-84.0238476,2.825));
#3778 = CIRCLE('',#3779,2.);
#3779 = AXIS2_PLACEMENT_3D('',#3780,#3781,#3782);
#3780 = CARTESIAN_POINT('',(88.667251820492,-86.0238476,2.825));
#3781 = DIRECTION('',(0.,0.,1.));
#3782 = DIRECTION('',(1.,0.,0.));
#3783 = ORIENTED_EDGE('',*,*,#3784,.F.);
#3784 = EDGE_CURVE('',#925,#3776,#3785,.T.);
#3785 = LINE('',#3786,#3787);
#3786 = CARTESIAN_POINT('',(88.667251820492,-84.0238476,5.095));
#3787 = VECTOR('',#3788,1.);
#3788 = DIRECTION('',(0.,0.,-1.));
#3789 = CYLINDRICAL_SURFACE('',#3790,2.);
#3790 = AXIS2_PLACEMENT_3D('',#3791,#3792,#3793);
#3791 = CARTESIAN_POINT('',(88.667251820492,-86.0238476,5.095));
#3792 = DIRECTION('',(0.,0.,1.));
#3793 = DIRECTION('',(1.,0.,0.));
#3794 = ADVANCED_FACE('',(#3795),#3813,.F.);
#3795 = FACE_BOUND('',#3796,.F.);
#3796 = EDGE_LOOP('',(#3797,#3798,#3806,#3812));
#3797 = ORIENTED_EDGE('',*,*,#1001,.F.);
#3798 = ORIENTED_EDGE('',*,*,#3799,.T.);
#3799 = EDGE_CURVE('',#993,#3800,#3802,.T.);
#3800 = VERTEX_POINT('',#3801);
#3801 = CARTESIAN_POINT('',(107.90284059459,-83.53264795133,2.825));
#3802 = LINE('',#3803,#3804);
#3803 = CARTESIAN_POINT('',(107.90284059459,-83.53264795133,5.095));
#3804 = VECTOR('',#3805,1.);
#3805 = DIRECTION('',(0.,0.,-1.));
#3806 = ORIENTED_EDGE('',*,*,#3807,.F.);
#3807 = EDGE_CURVE('',#3750,#3800,#3808,.T.);
#3808 = LINE('',#3809,#3810);
#3809 = CARTESIAN_POINT('',(98.843670047295,-83.53264795133,2.825));
#3810 = VECTOR('',#3811,1.);
#3811 = DIRECTION('',(-1.,0.,0.));
#3812 = ORIENTED_EDGE('',*,*,#3749,.F.);
#3813 = PLANE('',#3814);
#3814 = AXIS2_PLACEMENT_3D('',#3815,#3816,#3817);
#3815 = CARTESIAN_POINT('',(107.90284059459,-83.53264795133,5.095));
#3816 = DIRECTION('',(0.,-1.,0.));
#3817 = DIRECTION('',(1.,0.,0.));
#3818 = ADVANCED_FACE('',(#3819),#3837,.F.);
#3819 = FACE_BOUND('',#3820,.F.);
#3820 = EDGE_LOOP('',(#3821,#3822,#3823,#3831));
#3821 = ORIENTED_EDGE('',*,*,#933,.F.);
#3822 = ORIENTED_EDGE('',*,*,#3784,.T.);
#3823 = ORIENTED_EDGE('',*,*,#3824,.F.);
#3824 = EDGE_CURVE('',#3825,#3776,#3827,.T.);
#3825 = VERTEX_POINT('',#3826);
#3826 = CARTESIAN_POINT('',(90.158562629481,-84.0238476,2.825));
#3827 = LINE('',#3828,#3829);
#3828 = CARTESIAN_POINT('',(89.225875660246,-84.0238476,2.825));
#3829 = VECTOR('',#3830,1.);
#3830 = DIRECTION('',(-1.,0.,0.));
#3831 = ORIENTED_EDGE('',*,*,#3832,.F.);
#3832 = EDGE_CURVE('',#934,#3825,#3833,.T.);
#3833 = LINE('',#3834,#3835);
#3834 = CARTESIAN_POINT('',(90.158562629481,-84.0238476,5.095));
#3835 = VECTOR('',#3836,1.);
#3836 = DIRECTION('',(0.,0.,-1.));
#3837 = PLANE('',#3838);
#3838 = AXIS2_PLACEMENT_3D('',#3839,#3840,#3841);
#3839 = CARTESIAN_POINT('',(88.667251820492,-84.0238476,5.095));
#3840 = DIRECTION('',(0.,-1.,0.));
#3841 = DIRECTION('',(1.,0.,0.));
#3842 = ADVANCED_FACE('',(#3843),#3855,.T.);
#3843 = FACE_BOUND('',#3844,.F.);
#3844 = EDGE_LOOP('',(#3845,#3846,#3847,#3854));
#3845 = ORIENTED_EDGE('',*,*,#992,.F.);
#3846 = ORIENTED_EDGE('',*,*,#3467,.T.);
#3847 = ORIENTED_EDGE('',*,*,#3848,.F.);
#3848 = EDGE_CURVE('',#3800,#3468,#3849,.T.);
#3849 = CIRCLE('',#3850,2.);
#3850 = AXIS2_PLACEMENT_3D('',#3851,#3852,#3853);
#3851 = CARTESIAN_POINT('',(107.84727647508,-85.53187595949,2.825));
#3852 = DIRECTION('',(0.,0.,1.));
#3853 = DIRECTION('',(1.,0.,0.));
#3854 = ORIENTED_EDGE('',*,*,#3799,.F.);
#3855 = CYLINDRICAL_SURFACE('',#3856,2.);
#3856 = AXIS2_PLACEMENT_3D('',#3857,#3858,#3859);
#3857 = CARTESIAN_POINT('',(107.84727647508,-85.53187595949,5.095));
#3858 = DIRECTION('',(0.,0.,1.));
#3859 = DIRECTION('',(1.,0.,0.));
#3860 = ADVANCED_FACE('',(#3861),#3880,.T.);
#3861 = FACE_BOUND('',#3862,.F.);
#3862 = EDGE_LOOP('',(#3863,#3864,#3865,#3872,#3873));
#3863 = ORIENTED_EDGE('',*,*,#941,.F.);
#3864 = ORIENTED_EDGE('',*,*,#3832,.T.);
#3865 = ORIENTED_EDGE('',*,*,#3866,.F.);
#3866 = EDGE_CURVE('',#3531,#3825,#3867,.T.);
#3867 = CIRCLE('',#3868,2.);
#3868 = AXIS2_PLACEMENT_3D('',#3869,#3870,#3871);
#3869 = CARTESIAN_POINT('',(89.869229325432,-86.00280849884,2.825));
#3870 = DIRECTION('',(0.,0.,1.));
#3871 = DIRECTION('',(1.,0.,0.));
#3872 = ORIENTED_EDGE('',*,*,#3538,.F.);
#3873 = ORIENTED_EDGE('',*,*,#3874,.F.);
#3874 = EDGE_CURVE('',#942,#3498,#3875,.T.);
#3875 = CIRCLE('',#3876,2.);
#3876 = AXIS2_PLACEMENT_3D('',#3877,#3878,#3879);
#3877 = CARTESIAN_POINT('',(89.869229325432,-86.00280849884,5.095));
#3878 = DIRECTION('',(0.,0.,-1.));
#3879 = DIRECTION('',(1.,0.,0.));
#3880 = CYLINDRICAL_SURFACE('',#3881,2.);
#3881 = AXIS2_PLACEMENT_3D('',#3882,#3883,#3884);
#3882 = CARTESIAN_POINT('',(89.869229325432,-86.00280849884,5.095));
#3883 = DIRECTION('',(0.,0.,1.));
#3884 = DIRECTION('',(1.,0.,0.));
#3885 = ADVANCED_FACE('',(#3886),#3905,.F.);
#3886 = FACE_BOUND('',#3887,.F.);
#3887 = EDGE_LOOP('',(#3888,#3889,#3897,#3904));
#3888 = ORIENTED_EDGE('',*,*,#975,.F.);
#3889 = ORIENTED_EDGE('',*,*,#3890,.T.);
#3890 = EDGE_CURVE('',#968,#3891,#3893,.T.);
#3891 = VERTEX_POINT('',#3892);
#3892 = CARTESIAN_POINT('',(103.85,-76.2,8.495));
#3893 = LINE('',#3894,#3895);
#3894 = CARTESIAN_POINT('',(103.85,-76.2,5.095));
#3895 = VECTOR('',#3896,1.);
#3896 = DIRECTION('',(0.,1.2E-16,1.));
#3897 = ORIENTED_EDGE('',*,*,#3898,.T.);
#3898 = EDGE_CURVE('',#3891,#3453,#3899,.T.);
#3899 = CIRCLE('',#3900,2.);
#3900 = AXIS2_PLACEMENT_3D('',#3901,#3902,#3903);
#3901 = CARTESIAN_POINT('',(103.85,-78.2,8.495));
#3902 = DIRECTION('',(0.,-1.2E-16,-1.));
#3903 = DIRECTION('',(1.,0.,0.));
#3904 = ORIENTED_EDGE('',*,*,#3460,.F.);
#3905 = CYLINDRICAL_SURFACE('',#3906,2.);
#3906 = AXIS2_PLACEMENT_3D('',#3907,#3908,#3909);
#3907 = CARTESIAN_POINT('',(103.85,-78.2,5.095));
#3908 = DIRECTION('',(0.,-1.2E-16,-1.));
#3909 = DIRECTION('',(1.,0.,0.));
#3910 = ADVANCED_FACE('',(#3911),#3930,.F.);
#3911 = FACE_BOUND('',#3912,.F.);
#3912 = EDGE_LOOP('',(#3913,#3914,#3915,#3924));
#3913 = ORIENTED_EDGE('',*,*,#958,.F.);
#3914 = ORIENTED_EDGE('',*,*,#3506,.T.);
#3915 = ORIENTED_EDGE('',*,*,#3916,.T.);
#3916 = EDGE_CURVE('',#3507,#3917,#3919,.T.);
#3917 = VERTEX_POINT('',#3918);
#3918 = CARTESIAN_POINT('',(93.85,-76.2,8.495));
#3919 = CIRCLE('',#3920,2.);
#3920 = AXIS2_PLACEMENT_3D('',#3921,#3922,#3923);
#3921 = CARTESIAN_POINT('',(93.85,-78.2,8.495));
#3922 = DIRECTION('',(0.,-1.2E-16,-1.));
#3923 = DIRECTION('',(1.,0.,0.));
#3924 = ORIENTED_EDGE('',*,*,#3925,.F.);
#3925 = EDGE_CURVE('',#959,#3917,#3926,.T.);
#3926 = LINE('',#3927,#3928);
#3927 = CARTESIAN_POINT('',(93.85,-76.2,5.095));
#3928 = VECTOR('',#3929,1.);
#3929 = DIRECTION('',(0.,1.2E-16,1.));
#3930 = CYLINDRICAL_SURFACE('',#3931,2.);
#3931 = AXIS2_PLACEMENT_3D('',#3932,#3933,#3934);
#3932 = CARTESIAN_POINT('',(93.85,-78.2,5.095));
#3933 = DIRECTION('',(0.,-1.2E-16,-1.));
#3934 = DIRECTION('',(1.,0.,0.));
#3935 = ADVANCED_FACE('',(#3936),#3947,.F.);
#3936 = FACE_BOUND('',#3937,.F.);
#3937 = EDGE_LOOP('',(#3938,#3939,#3940,#3946));
#3938 = ORIENTED_EDGE('',*,*,#967,.F.);
#3939 = ORIENTED_EDGE('',*,*,#3925,.T.);
#3940 = ORIENTED_EDGE('',*,*,#3941,.T.);
#3941 = EDGE_CURVE('',#3917,#3891,#3942,.T.);
#3942 = LINE('',#3943,#3944);
#3943 = CARTESIAN_POINT('',(96.35,-76.2,8.495));
#3944 = VECTOR('',#3945,1.);
#3945 = DIRECTION('',(1.,0.,0.));
#3946 = ORIENTED_EDGE('',*,*,#3890,.F.);
#3947 = PLANE('',#3948);
#3948 = AXIS2_PLACEMENT_3D('',#3949,#3950,#3951);
#3949 = CARTESIAN_POINT('',(93.85,-76.2,5.095));
#3950 = DIRECTION('',(0.,1.,-1.2E-16));
#3951 = DIRECTION('',(1.,0.,0.));
#3952 = ADVANCED_FACE('',(#3953),#3972,.F.);
#3953 = FACE_BOUND('',#3954,.F.);
#3954 = EDGE_LOOP('',(#3955,#3963,#3964,#3965));
#3955 = ORIENTED_EDGE('',*,*,#3956,.F.);
#3956 = EDGE_CURVE('',#1070,#3957,#3959,.T.);
#3957 = VERTEX_POINT('',#3958);
#3958 = CARTESIAN_POINT('',(76.75,-71.95,14.695));
#3959 = LINE('',#3960,#3961);
#3960 = CARTESIAN_POINT('',(76.75,-71.95,5.095));
#3961 = VECTOR('',#3962,1.);
#3962 = DIRECTION('',(0.,0.,1.));
#3963 = ORIENTED_EDGE('',*,*,#1069,.F.);
#3964 = ORIENTED_EDGE('',*,*,#3956,.T.);
#3965 = ORIENTED_EDGE('',*,*,#3966,.T.);
#3966 = EDGE_CURVE('',#3957,#3957,#3967,.T.);
#3967 = CIRCLE('',#3968,5.5);
#3968 = AXIS2_PLACEMENT_3D('',#3969,#3970,#3971);
#3969 = CARTESIAN_POINT('',(71.25,-71.95,14.695));
#3970 = DIRECTION('',(0.,0.,-1.));
#3971 = DIRECTION('',(1.,0.,0.));
#3972 = CYLINDRICAL_SURFACE('',#3973,5.5);
#3973 = AXIS2_PLACEMENT_3D('',#3974,#3975,#3976);
#3974 = CARTESIAN_POINT('',(71.25,-71.95,5.095));
#3975 = DIRECTION('',(0.,0.,-1.));
#3976 = DIRECTION('',(1.,0.,0.));
#3977 = ADVANCED_FACE('',(#3978),#4004,.T.);
#3978 = FACE_BOUND('',#3979,.F.);
#3979 = EDGE_LOOP('',(#3980,#3981,#3989,#3998));
#3980 = ORIENTED_EDGE('',*,*,#1080,.F.);
#3981 = ORIENTED_EDGE('',*,*,#3982,.T.);
#3982 = EDGE_CURVE('',#1081,#3983,#3985,.T.);
#3983 = VERTEX_POINT('',#3984);
#3984 = CARTESIAN_POINT('',(120.4743193146,-96.67687367746,2.895));
#3985 = LINE('',#3986,#3987);
#3986 = CARTESIAN_POINT('',(120.4743193146,-96.67687367746,5.095));
#3987 = VECTOR('',#3988,1.);
#3988 = DIRECTION('',(0.,0.,-1.));
#3989 = ORIENTED_EDGE('',*,*,#3990,.F.);
#3990 = EDGE_CURVE('',#3991,#3983,#3993,.T.);
#3991 = VERTEX_POINT('',#3992);
#3992 = CARTESIAN_POINT('',(118.4743193146,-94.67687367746,2.895));
#3993 = CIRCLE('',#3994,2.);
#3994 = AXIS2_PLACEMENT_3D('',#3995,#3996,#3997);
#3995 = CARTESIAN_POINT('',(120.4743193146,-94.67687367746,2.895));
#3996 = DIRECTION('',(0.,0.,1.));
#3997 = DIRECTION('',(1.,0.,0.));
#3998 = ORIENTED_EDGE('',*,*,#3999,.F.);
#3999 = EDGE_CURVE('',#1083,#3991,#4000,.T.);
#4000 = LINE('',#4001,#4002);
#4001 = CARTESIAN_POINT('',(118.4743193146,-94.67687367746,5.095));
#4002 = VECTOR('',#4003,1.);
#4003 = DIRECTION('',(0.,0.,-1.));
#4004 = CYLINDRICAL_SURFACE('',#4005,2.);
#4005 = AXIS2_PLACEMENT_3D('',#4006,#4007,#4008);
#4006 = CARTESIAN_POINT('',(120.4743193146,-94.67687367746,5.095));
#4007 = DIRECTION('',(0.,0.,1.));
#4008 = DIRECTION('',(1.,0.,0.));
#4009 = ADVANCED_FACE('',(#4010),#4028,.F.);
#4010 = FACE_BOUND('',#4011,.F.);
#4011 = EDGE_LOOP('',(#4012,#4013,#4021,#4027));
#4012 = ORIENTED_EDGE('',*,*,#1142,.F.);
#4013 = ORIENTED_EDGE('',*,*,#4014,.T.);
#4014 = EDGE_CURVE('',#1134,#4015,#4017,.T.);
#4015 = VERTEX_POINT('',#4016);
#4016 = CARTESIAN_POINT('',(120.72568068539,-96.67687367746,2.895));
#4017 = LINE('',#4018,#4019);
#4018 = CARTESIAN_POINT('',(120.72568068539,-96.67687367746,5.095));
#4019 = VECTOR('',#4020,1.);
#4020 = DIRECTION('',(0.,0.,-1.));
#4021 = ORIENTED_EDGE('',*,*,#4022,.F.);
#4022 = EDGE_CURVE('',#3983,#4015,#4023,.T.);
#4023 = LINE('',#4024,#4025);
#4024 = CARTESIAN_POINT('',(120.66284034269,-96.67687367746,2.895));
#4025 = VECTOR('',#4026,1.);
#4026 = DIRECTION('',(1.,0.,0.));
#4027 = ORIENTED_EDGE('',*,*,#3982,.F.);
#4028 = PLANE('',#4029);
#4029 = AXIS2_PLACEMENT_3D('',#4030,#4031,#4032);
#4030 = CARTESIAN_POINT('',(120.72568068539,-96.67687367746,5.095));
#4031 = DIRECTION('',(0.,1.,0.));
#4032 = DIRECTION('',(-1.,0.,0.));
#4033 = ADVANCED_FACE('',(#4034),#4052,.F.);
#4034 = FACE_BOUND('',#4035,.F.);
#4035 = EDGE_LOOP('',(#4036,#4037,#4038,#4046));
#4036 = ORIENTED_EDGE('',*,*,#1091,.F.);
#4037 = ORIENTED_EDGE('',*,*,#3999,.T.);
#4038 = ORIENTED_EDGE('',*,*,#4039,.F.);
#4039 = EDGE_CURVE('',#4040,#3991,#4042,.T.);
#4040 = VERTEX_POINT('',#4041);
#4041 = CARTESIAN_POINT('',(118.4743193146,-90.72312632253,2.895));
#4042 = LINE('',#4043,#4044);
#4043 = CARTESIAN_POINT('',(118.4743193146,-94.68843683873,2.895));
#4044 = VECTOR('',#4045,1.);
#4045 = DIRECTION('',(0.,-1.,0.));
#4046 = ORIENTED_EDGE('',*,*,#4047,.F.);
#4047 = EDGE_CURVE('',#1092,#4040,#4048,.T.);
#4048 = LINE('',#4049,#4050);
#4049 = CARTESIAN_POINT('',(118.4743193146,-90.72312632253,5.095));
#4050 = VECTOR('',#4051,1.);
#4051 = DIRECTION('',(0.,0.,-1.));
#4052 = PLANE('',#4053);
#4053 = AXIS2_PLACEMENT_3D('',#4054,#4055,#4056);
#4054 = CARTESIAN_POINT('',(118.4743193146,-94.67687367746,5.095));
#4055 = DIRECTION('',(1.,0.,0.));
#4056 = DIRECTION('',(0.,1.,0.));
#4057 = ADVANCED_FACE('',(#4058),#4077,.T.);
#4058 = FACE_BOUND('',#4059,.F.);
#4059 = EDGE_LOOP('',(#4060,#4061,#4069,#4076));
#4060 = ORIENTED_EDGE('',*,*,#1133,.F.);
#4061 = ORIENTED_EDGE('',*,*,#4062,.T.);
#4062 = EDGE_CURVE('',#1126,#4063,#4065,.T.);
#4063 = VERTEX_POINT('',#4064);
#4064 = CARTESIAN_POINT('',(122.72568068539,-94.67687367746,2.895));
#4065 = LINE('',#4066,#4067);
#4066 = CARTESIAN_POINT('',(122.72568068539,-94.67687367746,5.095));
#4067 = VECTOR('',#4068,1.);
#4068 = DIRECTION('',(0.,0.,-1.));
#4069 = ORIENTED_EDGE('',*,*,#4070,.F.);
#4070 = EDGE_CURVE('',#4015,#4063,#4071,.T.);
#4071 = CIRCLE('',#4072,2.);
#4072 = AXIS2_PLACEMENT_3D('',#4073,#4074,#4075);
#4073 = CARTESIAN_POINT('',(120.72568068539,-94.67687367746,2.895));
#4074 = DIRECTION('',(0.,0.,1.));
#4075 = DIRECTION('',(1.,0.,0.));
#4076 = ORIENTED_EDGE('',*,*,#4014,.F.);
#4077 = CYLINDRICAL_SURFACE('',#4078,2.);
#4078 = AXIS2_PLACEMENT_3D('',#4079,#4080,#4081);
#4079 = CARTESIAN_POINT('',(120.72568068539,-94.67687367746,5.095));
#4080 = DIRECTION('',(0.,0.,1.));
#4081 = DIRECTION('',(1.,0.,0.));
#4082 = ADVANCED_FACE('',(#4083),#4102,.T.);
#4083 = FACE_BOUND('',#4084,.F.);
#4084 = EDGE_LOOP('',(#4085,#4086,#4087,#4096));
#4085 = ORIENTED_EDGE('',*,*,#1099,.F.);
#4086 = ORIENTED_EDGE('',*,*,#4047,.T.);
#4087 = ORIENTED_EDGE('',*,*,#4088,.F.);
#4088 = EDGE_CURVE('',#4089,#4040,#4091,.T.);
#4089 = VERTEX_POINT('',#4090);
#4090 = CARTESIAN_POINT('',(120.4743193146,-88.72312632253,2.895));
#4091 = CIRCLE('',#4092,2.);
#4092 = AXIS2_PLACEMENT_3D('',#4093,#4094,#4095);
#4093 = CARTESIAN_POINT('',(120.4743193146,-90.72312632253,2.895));
#4094 = DIRECTION('',(0.,0.,1.));
#4095 = DIRECTION('',(1.,0.,0.));
#4096 = ORIENTED_EDGE('',*,*,#4097,.F.);
#4097 = EDGE_CURVE('',#1100,#4089,#4098,.T.);
#4098 = LINE('',#4099,#4100);
#4099 = CARTESIAN_POINT('',(120.4743193146,-88.72312632253,5.095));
#4100 = VECTOR('',#4101,1.);
#4101 = DIRECTION('',(0.,0.,-1.));
#4102 = CYLINDRICAL_SURFACE('',#4103,2.);
#4103 = AXIS2_PLACEMENT_3D('',#4104,#4105,#4106);
#4104 = CARTESIAN_POINT('',(120.4743193146,-90.72312632253,5.095));
#4105 = DIRECTION('',(0.,0.,1.));
#4106 = DIRECTION('',(1.,0.,0.));
#4107 = ADVANCED_FACE('',(#4108),#4126,.F.);
#4108 = FACE_BOUND('',#4109,.F.);
#4109 = EDGE_LOOP('',(#4110,#4111,#4119,#4125));
#4110 = ORIENTED_EDGE('',*,*,#1125,.F.);
#4111 = ORIENTED_EDGE('',*,*,#4112,.T.);
#4112 = EDGE_CURVE('',#1117,#4113,#4115,.T.);
#4113 = VERTEX_POINT('',#4114);
#4114 = CARTESIAN_POINT('',(122.72568068539,-90.72312632253,2.895));
#4115 = LINE('',#4116,#4117);
#4116 = CARTESIAN_POINT('',(122.72568068539,-90.72312632253,5.095));
#4117 = VECTOR('',#4118,1.);
#4118 = DIRECTION('',(0.,0.,-1.));
#4119 = ORIENTED_EDGE('',*,*,#4120,.F.);
#4120 = EDGE_CURVE('',#4063,#4113,#4121,.T.);
#4121 = LINE('',#4122,#4123);
#4122 = CARTESIAN_POINT('',(122.72568068539,-92.71156316126,2.895));
#4123 = VECTOR('',#4124,1.);
#4124 = DIRECTION('',(0.,1.,0.));
#4125 = ORIENTED_EDGE('',*,*,#4062,.F.);
#4126 = PLANE('',#4127);
#4127 = AXIS2_PLACEMENT_3D('',#4128,#4129,#4130);
#4128 = CARTESIAN_POINT('',(122.72568068539,-90.72312632253,5.095));
#4129 = DIRECTION('',(-1.,-0.,-0.));
#4130 = DIRECTION('',(0.,-1.,0.));
#4131 = ADVANCED_FACE('',(#4132),#4150,.F.);
#4132 = FACE_BOUND('',#4133,.F.);
#4133 = EDGE_LOOP('',(#4134,#4135,#4136,#4144));
#4134 = ORIENTED_EDGE('',*,*,#1108,.F.);
#4135 = ORIENTED_EDGE('',*,*,#4097,.T.);
#4136 = ORIENTED_EDGE('',*,*,#4137,.F.);
#4137 = EDGE_CURVE('',#4138,#4089,#4140,.T.);
#4138 = VERTEX_POINT('',#4139);
#4139 = CARTESIAN_POINT('',(120.72568068539,-88.72312632253,2.895));
#4140 = LINE('',#4141,#4142);
#4141 = CARTESIAN_POINT('',(120.5371596573,-88.72312632253,2.895));
#4142 = VECTOR('',#4143,1.);
#4143 = DIRECTION('',(-1.,0.,0.));
#4144 = ORIENTED_EDGE('',*,*,#4145,.F.);
#4145 = EDGE_CURVE('',#1109,#4138,#4146,.T.);
#4146 = LINE('',#4147,#4148);
#4147 = CARTESIAN_POINT('',(120.72568068539,-88.72312632253,5.095));
#4148 = VECTOR('',#4149,1.);
#4149 = DIRECTION('',(0.,0.,-1.));
#4150 = PLANE('',#4151);
#4151 = AXIS2_PLACEMENT_3D('',#4152,#4153,#4154);
#4152 = CARTESIAN_POINT('',(120.4743193146,-88.72312632253,5.095));
#4153 = DIRECTION('',(0.,-1.,0.));
#4154 = DIRECTION('',(1.,0.,0.));
#4155 = ADVANCED_FACE('',(#4156),#4168,.T.);
#4156 = FACE_BOUND('',#4157,.F.);
#4157 = EDGE_LOOP('',(#4158,#4159,#4160,#4167));
#4158 = ORIENTED_EDGE('',*,*,#1116,.F.);
#4159 = ORIENTED_EDGE('',*,*,#4145,.T.);
#4160 = ORIENTED_EDGE('',*,*,#4161,.F.);
#4161 = EDGE_CURVE('',#4113,#4138,#4162,.T.);
#4162 = CIRCLE('',#4163,2.);
#4163 = AXIS2_PLACEMENT_3D('',#4164,#4165,#4166);
#4164 = CARTESIAN_POINT('',(120.72568068539,-90.72312632253,2.895));
#4165 = DIRECTION('',(0.,0.,1.));
#4166 = DIRECTION('',(1.,0.,0.));
#4167 = ORIENTED_EDGE('',*,*,#4112,.F.);
#4168 = CYLINDRICAL_SURFACE('',#4169,2.);
#4169 = AXIS2_PLACEMENT_3D('',#4170,#4171,#4172);
#4170 = CARTESIAN_POINT('',(120.72568068539,-90.72312632253,5.095));
#4171 = DIRECTION('',(0.,0.,1.));
#4172 = DIRECTION('',(1.,0.,0.));
#4173 = ADVANCED_FACE('',(#4174),#4193,.F.);
#4174 = FACE_BOUND('',#4175,.F.);
#4175 = EDGE_LOOP('',(#4176,#4184,#4191,#4192));
#4176 = ORIENTED_EDGE('',*,*,#4177,.T.);
#4177 = EDGE_CURVE('',#1151,#4178,#4180,.T.);
#4178 = VERTEX_POINT('',#4179);
#4179 = CARTESIAN_POINT('',(144.2,-71.7,10.095));
#4180 = LINE('',#4181,#4182);
#4181 = CARTESIAN_POINT('',(144.2,-71.7,5.095));
#4182 = VECTOR('',#4183,1.);
#4183 = DIRECTION('',(0.,0.,1.));
#4184 = ORIENTED_EDGE('',*,*,#4185,.T.);
#4185 = EDGE_CURVE('',#4178,#4178,#4186,.T.);
#4186 = CIRCLE('',#4187,2.5);
#4187 = AXIS2_PLACEMENT_3D('',#4188,#4189,#4190);
#4188 = CARTESIAN_POINT('',(141.7,-71.7,10.095));
#4189 = DIRECTION('',(0.,0.,-1.));
#4190 = DIRECTION('',(1.,0.,0.));
#4191 = ORIENTED_EDGE('',*,*,#4177,.F.);
#4192 = ORIENTED_EDGE('',*,*,#1150,.F.);
#4193 = CYLINDRICAL_SURFACE('',#4194,2.5);
#4194 = AXIS2_PLACEMENT_3D('',#4195,#4196,#4197);
#4195 = CARTESIAN_POINT('',(141.7,-71.7,5.095));
#4196 = DIRECTION('',(0.,0.,-1.));
#4197 = DIRECTION('',(1.,0.,0.));
#4198 = ADVANCED_FACE('',(#4199),#4223,.F.);
#4199 = FACE_BOUND('',#4200,.F.);
#4200 = EDGE_LOOP('',(#4201,#4202,#4208,#4209,#4217));
#4201 = ORIENTED_EDGE('',*,*,#2360,.F.);
#4202 = ORIENTED_EDGE('',*,*,#4203,.F.);
#4203 = EDGE_CURVE('',#1187,#2361,#4204,.T.);
#4204 = LINE('',#4205,#4206);
#4205 = CARTESIAN_POINT('',(57.45,-72.325,40.26));
#4206 = VECTOR('',#4207,1.);
#4207 = DIRECTION('',(-0.707106781187,0.,-0.707106781187));
#4208 = ORIENTED_EDGE('',*,*,#1184,.F.);
#4209 = ORIENTED_EDGE('',*,*,#4210,.T.);
#4210 = EDGE_CURVE('',#1185,#4211,#4213,.T.);
#4211 = VERTEX_POINT('',#4212);
#4212 = CARTESIAN_POINT('',(120.7,-72.325,15.51));
#4213 = LINE('',#4214,#4215);
#4214 = CARTESIAN_POINT('',(120.7,-72.325,19.51));
#4215 = VECTOR('',#4216,1.);
#4216 = DIRECTION('',(-0.,-0.,-1.));
#4217 = ORIENTED_EDGE('',*,*,#4218,.T.);
#4218 = EDGE_CURVE('',#4211,#2353,#4219,.T.);
#4219 = LINE('',#4220,#4221);
#4220 = CARTESIAN_POINT('',(120.7,-72.325,15.51));
#4221 = VECTOR('',#4222,1.);
#4222 = DIRECTION('',(-1.,0.,0.));
#4223 = PLANE('',#4224);
#4224 = AXIS2_PLACEMENT_3D('',#4225,#4226,#4227);
#4225 = CARTESIAN_POINT('',(120.7,-72.325,19.51));
#4226 = DIRECTION('',(0.,1.,0.));
#4227 = DIRECTION('',(-1.,0.,0.));
#4228 = ADVANCED_FACE('',(#4229),#4235,.T.);
#4229 = FACE_BOUND('',#4230,.T.);
#4230 = EDGE_LOOP('',(#4231,#4232,#4233,#4234));
#4231 = ORIENTED_EDGE('',*,*,#4203,.F.);
#4232 = ORIENTED_EDGE('',*,*,#1517,.T.);
#4233 = ORIENTED_EDGE('',*,*,#2007,.T.);
#4234 = ORIENTED_EDGE('',*,*,#2368,.F.);
#4235 = PLANE('',#4236);
#4236 = AXIS2_PLACEMENT_3D('',#4237,#4238,#4239);
#4237 = CARTESIAN_POINT('',(36.2,-72.325,19.01));
#4238 = DIRECTION('',(-0.707106781187,0.,0.707106781187));
#4239 = DIRECTION('',(0.,1.,0.));
#4240 = ADVANCED_FACE('',(#4241),#4259,.F.);
#4241 = FACE_BOUND('',#4242,.F.);
#4242 = EDGE_LOOP('',(#4243,#4251,#4257,#4258));
#4243 = ORIENTED_EDGE('',*,*,#4244,.T.);
#4244 = EDGE_CURVE('',#1195,#4245,#4247,.T.);
#4245 = VERTEX_POINT('',#4246);
#4246 = CARTESIAN_POINT('',(120.7,-74.825,15.51));
#4247 = LINE('',#4248,#4249);
#4248 = CARTESIAN_POINT('',(120.7,-74.825,19.51));
#4249 = VECTOR('',#4250,1.);
#4250 = DIRECTION('',(-0.,-0.,-1.));
#4251 = ORIENTED_EDGE('',*,*,#4252,.T.);
#4252 = EDGE_CURVE('',#4245,#4211,#4253,.T.);
#4253 = LINE('',#4254,#4255);
#4254 = CARTESIAN_POINT('',(120.7,-74.825,15.51));
#4255 = VECTOR('',#4256,1.);
#4256 = DIRECTION('',(0.,1.,0.));
#4257 = ORIENTED_EDGE('',*,*,#4210,.F.);
#4258 = ORIENTED_EDGE('',*,*,#1194,.F.);
#4259 = PLANE('',#4260);
#4260 = AXIS2_PLACEMENT_3D('',#4261,#4262,#4263);
#4261 = CARTESIAN_POINT('',(120.7,-74.825,19.51));
#4262 = DIRECTION('',(1.,0.,0.));
#4263 = DIRECTION('',(0.,1.,0.));
#4264 = ADVANCED_FACE('',(#4265),#4282,.F.);
#4265 = FACE_BOUND('',#4266,.F.);
#4266 = EDGE_LOOP('',(#4267,#4268,#4274,#4275,#4276));
#4267 = ORIENTED_EDGE('',*,*,#2344,.T.);
#4268 = ORIENTED_EDGE('',*,*,#4269,.T.);
#4269 = EDGE_CURVE('',#2345,#4245,#4270,.T.);
#4270 = LINE('',#4271,#4272);
#4271 = CARTESIAN_POINT('',(35.7,-74.825,15.51));
#4272 = VECTOR('',#4273,1.);
#4273 = DIRECTION('',(1.,0.,0.));
#4274 = ORIENTED_EDGE('',*,*,#4244,.F.);
#4275 = ORIENTED_EDGE('',*,*,#1202,.F.);
#4276 = ORIENTED_EDGE('',*,*,#4277,.T.);
#4277 = EDGE_CURVE('',#1203,#2337,#4278,.T.);
#4278 = LINE('',#4279,#4280);
#4279 = CARTESIAN_POINT('',(36.2,-74.825,19.01));
#4280 = VECTOR('',#4281,1.);
#4281 = DIRECTION('',(-0.707106781187,-0.,-0.707106781187));
#4282 = PLANE('',#4283);
#4283 = AXIS2_PLACEMENT_3D('',#4284,#4285,#4286);
#4284 = CARTESIAN_POINT('',(35.7,-74.825,19.51));
#4285 = DIRECTION('',(0.,-1.,0.));
#4286 = DIRECTION('',(1.,0.,0.));
#4287 = ADVANCED_FACE('',(#4288),#4299,.T.);
#4288 = FACE_BOUND('',#4289,.T.);
#4289 = EDGE_LOOP('',(#4290,#4296,#4297,#4298));
#4290 = ORIENTED_EDGE('',*,*,#4291,.F.);
#4291 = EDGE_CURVE('',#1211,#2329,#4292,.T.);
#4292 = LINE('',#4293,#4294);
#4293 = CARTESIAN_POINT('',(57.45,-77.325,40.26));
#4294 = VECTOR('',#4295,1.);
#4295 = DIRECTION('',(-0.707106781187,0.,-0.707106781187));
#4296 = ORIENTED_EDGE('',*,*,#1210,.T.);
#4297 = ORIENTED_EDGE('',*,*,#4277,.T.);
#4298 = ORIENTED_EDGE('',*,*,#2336,.F.);
#4299 = PLANE('',#4300);
#4300 = AXIS2_PLACEMENT_3D('',#4301,#4302,#4303);
#4301 = CARTESIAN_POINT('',(36.2,-77.325,19.01));
#4302 = DIRECTION('',(-0.707106781187,0.,0.707106781187));
#4303 = DIRECTION('',(0.,1.,0.));
#4304 = ADVANCED_FACE('',(#4305),#4324,.F.);
#4305 = FACE_BOUND('',#4306,.F.);
#4306 = EDGE_LOOP('',(#4307,#4308,#4309,#4310,#4318));
#4307 = ORIENTED_EDGE('',*,*,#2328,.F.);
#4308 = ORIENTED_EDGE('',*,*,#4291,.F.);
#4309 = ORIENTED_EDGE('',*,*,#1218,.F.);
#4310 = ORIENTED_EDGE('',*,*,#4311,.T.);
#4311 = EDGE_CURVE('',#1219,#4312,#4314,.T.);
#4312 = VERTEX_POINT('',#4313);
#4313 = CARTESIAN_POINT('',(120.7,-77.325,15.51));
#4314 = LINE('',#4315,#4316);
#4315 = CARTESIAN_POINT('',(120.7,-77.325,19.51));
#4316 = VECTOR('',#4317,1.);
#4317 = DIRECTION('',(-0.,-0.,-1.));
#4318 = ORIENTED_EDGE('',*,*,#4319,.T.);
#4319 = EDGE_CURVE('',#4312,#2321,#4320,.T.);
#4320 = LINE('',#4321,#4322);
#4321 = CARTESIAN_POINT('',(120.7,-77.325,15.51));
#4322 = VECTOR('',#4323,1.);
#4323 = DIRECTION('',(-1.,0.,0.));
#4324 = PLANE('',#4325);
#4325 = AXIS2_PLACEMENT_3D('',#4326,#4327,#4328);
#4326 = CARTESIAN_POINT('',(120.7,-77.325,19.51));
#4327 = DIRECTION('',(0.,1.,0.));
#4328 = DIRECTION('',(-1.,0.,0.));
#4329 = ADVANCED_FACE('',(#4330),#4348,.F.);
#4330 = FACE_BOUND('',#4331,.F.);
#4331 = EDGE_LOOP('',(#4332,#4340,#4346,#4347));
#4332 = ORIENTED_EDGE('',*,*,#4333,.T.);
#4333 = EDGE_CURVE('',#1227,#4334,#4336,.T.);
#4334 = VERTEX_POINT('',#4335);
#4335 = CARTESIAN_POINT('',(120.7,-79.825,15.51));
#4336 = LINE('',#4337,#4338);
#4337 = CARTESIAN_POINT('',(120.7,-79.825,19.51));
#4338 = VECTOR('',#4339,1.);
#4339 = DIRECTION('',(-0.,-0.,-1.));
#4340 = ORIENTED_EDGE('',*,*,#4341,.T.);
#4341 = EDGE_CURVE('',#4334,#4312,#4342,.T.);
#4342 = LINE('',#4343,#4344);
#4343 = CARTESIAN_POINT('',(120.7,-79.825,15.51));
#4344 = VECTOR('',#4345,1.);
#4345 = DIRECTION('',(0.,1.,0.));
#4346 = ORIENTED_EDGE('',*,*,#4311,.F.);
#4347 = ORIENTED_EDGE('',*,*,#1226,.F.);
#4348 = PLANE('',#4349);
#4349 = AXIS2_PLACEMENT_3D('',#4350,#4351,#4352);
#4350 = CARTESIAN_POINT('',(120.7,-79.825,19.51));
#4351 = DIRECTION('',(1.,0.,0.));
#4352 = DIRECTION('',(0.,1.,0.));
#4353 = ADVANCED_FACE('',(#4354),#4365,.T.);
#4354 = FACE_BOUND('',#4355,.T.);
#4355 = EDGE_LOOP('',(#4356,#4357,#4358,#4364));
#4356 = ORIENTED_EDGE('',*,*,#1691,.F.);
#4357 = ORIENTED_EDGE('',*,*,#1491,.T.);
#4358 = ORIENTED_EDGE('',*,*,#4359,.T.);
#4359 = EDGE_CURVE('',#1484,#1754,#4360,.T.);
#4360 = LINE('',#4361,#4362);
#4361 = CARTESIAN_POINT('',(151.7,-122.3249999999,18.51));
#4362 = VECTOR('',#4363,1.);
#4363 = DIRECTION('',(7.52909546E-08,-0.707106781187,-0.707106781187));
#4364 = ORIENTED_EDGE('',*,*,#1753,.F.);
#4365 = CONICAL_SURFACE('',#4366,4.00000042591,0.785398163397);
#4366 = AXIS2_PLACEMENT_3D('',#4367,#4368,#4369);
#4367 = CARTESIAN_POINT('',(151.69999957409,-118.324999574,18.51));
#4368 = DIRECTION('',(-0.,-0.,-1.));
#4369 = DIRECTION('',(1.,-1.0647753544E-07,0.));
#4370 = ADVANCED_FACE('',(#4371),#4388,.F.);
#4371 = FACE_BOUND('',#4372,.F.);
#4372 = EDGE_LOOP('',(#4373,#4374,#4380,#4381,#4382));
#4373 = ORIENTED_EDGE('',*,*,#2312,.T.);
#4374 = ORIENTED_EDGE('',*,*,#4375,.T.);
#4375 = EDGE_CURVE('',#2313,#4334,#4376,.T.);
#4376 = LINE('',#4377,#4378);
#4377 = CARTESIAN_POINT('',(35.7,-79.825,15.51));
#4378 = VECTOR('',#4379,1.);
#4379 = DIRECTION('',(1.,0.,0.));
#4380 = ORIENTED_EDGE('',*,*,#4333,.F.);
#4381 = ORIENTED_EDGE('',*,*,#1234,.F.);
#4382 = ORIENTED_EDGE('',*,*,#4383,.T.);
#4383 = EDGE_CURVE('',#1235,#2305,#4384,.T.);
#4384 = LINE('',#4385,#4386);
#4385 = CARTESIAN_POINT('',(36.2,-79.825,19.01));
#4386 = VECTOR('',#4387,1.);
#4387 = DIRECTION('',(-0.707106781187,-0.,-0.707106781187));
#4388 = PLANE('',#4389);
#4389 = AXIS2_PLACEMENT_3D('',#4390,#4391,#4392);
#4390 = CARTESIAN_POINT('',(35.7,-79.825,19.51));
#4391 = DIRECTION('',(0.,-1.,0.));
#4392 = DIRECTION('',(1.,0.,0.));
#4393 = ADVANCED_FACE('',(#4394),#4405,.T.);
#4394 = FACE_BOUND('',#4395,.T.);
#4395 = EDGE_LOOP('',(#4396,#4397,#4398,#4404));
#4396 = ORIENTED_EDGE('',*,*,#4359,.F.);
#4397 = ORIENTED_EDGE('',*,*,#1483,.T.);
#4398 = ORIENTED_EDGE('',*,*,#4399,.T.);
#4399 = EDGE_CURVE('',#1475,#2462,#4400,.T.);
#4400 = LINE('',#4401,#4402);
#4401 = CARTESIAN_POINT('',(39.7,-121.825,19.01));
#4402 = VECTOR('',#4403,1.);
#4403 = DIRECTION('',(-0.,-0.707106781187,-0.707106781187));
#4404 = ORIENTED_EDGE('',*,*,#2485,.F.);
#4405 = PLANE('',#4406);
#4406 = AXIS2_PLACEMENT_3D('',#4407,#4408,#4409);
#4407 = CARTESIAN_POINT('',(151.7,-121.825,19.01));
#4408 = DIRECTION('',(0.,-0.707106781187,0.707106781187));
#4409 = DIRECTION('',(-1.,0.,0.));
#4410 = ADVANCED_FACE('',(#4411),#4422,.T.);
#4411 = FACE_BOUND('',#4412,.T.);
#4412 = EDGE_LOOP('',(#4413,#4419,#4420,#4421));
#4413 = ORIENTED_EDGE('',*,*,#4414,.F.);
#4414 = EDGE_CURVE('',#1243,#2297,#4415,.T.);
#4415 = LINE('',#4416,#4417);
#4416 = CARTESIAN_POINT('',(57.45,-82.325,40.26));
#4417 = VECTOR('',#4418,1.);
#4418 = DIRECTION('',(-0.707106781187,0.,-0.707106781187));
#4419 = ORIENTED_EDGE('',*,*,#1242,.T.);
#4420 = ORIENTED_EDGE('',*,*,#4383,.T.);
#4421 = ORIENTED_EDGE('',*,*,#2304,.F.);
#4422 = PLANE('',#4423);
#4423 = AXIS2_PLACEMENT_3D('',#4424,#4425,#4426);
#4424 = CARTESIAN_POINT('',(36.2,-82.325,19.01));
#4425 = DIRECTION('',(-0.707106781187,0.,0.707106781187));
#4426 = DIRECTION('',(0.,1.,0.));
#4427 = ADVANCED_FACE('',(#4428),#4445,.T.);
#4428 = FACE_BOUND('',#4429,.T.);
#4429 = EDGE_LOOP('',(#4430,#4431,#4432,#4438));
#4430 = ORIENTED_EDGE('',*,*,#4399,.F.);
#4431 = ORIENTED_EDGE('',*,*,#1474,.T.);
#4432 = ORIENTED_EDGE('',*,*,#4433,.T.);
#4433 = EDGE_CURVE('',#1467,#2073,#4434,.T.);
#4434 = LINE('',#4435,#4436);
#4435 = CARTESIAN_POINT('',(35.7,-118.325,18.51));
#4436 = VECTOR('',#4437,1.);
#4437 = DIRECTION('',(-0.707106781187,-7.530686404E-08,-0.707106781187)
  );
#4438 = ORIENTED_EDGE('',*,*,#4439,.F.);
#4439 = EDGE_CURVE('',#2462,#2073,#4440,.T.);
#4440 = CIRCLE('',#4441,4.00000042591);
#4441 = AXIS2_PLACEMENT_3D('',#4442,#4443,#4444);
#4442 = CARTESIAN_POINT('',(39.70000042591,-118.324999574,18.51));
#4443 = DIRECTION('',(-0.,0.,-1.));
#4444 = DIRECTION('',(-1.0647753722E-07,-1.,0.));
#4445 = CONICAL_SURFACE('',#4446,4.00000042591,0.785398163397);
#4446 = AXIS2_PLACEMENT_3D('',#4447,#4448,#4449);
#4447 = CARTESIAN_POINT('',(39.70000042591,-118.324999574,18.51));
#4448 = DIRECTION('',(-0.,-0.,-1.));
#4449 = DIRECTION('',(-1.0647753722E-07,-1.,0.));
#4450 = ADVANCED_FACE('',(#4451),#4470,.F.);
#4451 = FACE_BOUND('',#4452,.F.);
#4452 = EDGE_LOOP('',(#4453,#4454,#4455,#4456,#4464));
#4453 = ORIENTED_EDGE('',*,*,#2296,.F.);
#4454 = ORIENTED_EDGE('',*,*,#4414,.F.);
#4455 = ORIENTED_EDGE('',*,*,#1250,.F.);
#4456 = ORIENTED_EDGE('',*,*,#4457,.T.);
#4457 = EDGE_CURVE('',#1251,#4458,#4460,.T.);
#4458 = VERTEX_POINT('',#4459);
#4459 = CARTESIAN_POINT('',(120.7,-82.325,15.51));
#4460 = LINE('',#4461,#4462);
#4461 = CARTESIAN_POINT('',(120.7,-82.325,19.51));
#4462 = VECTOR('',#4463,1.);
#4463 = DIRECTION('',(-0.,-0.,-1.));
#4464 = ORIENTED_EDGE('',*,*,#4465,.T.);
#4465 = EDGE_CURVE('',#4458,#2289,#4466,.T.);
#4466 = LINE('',#4467,#4468);
#4467 = CARTESIAN_POINT('',(120.7,-82.325,15.51));
#4468 = VECTOR('',#4469,1.);
#4469 = DIRECTION('',(-1.,0.,0.));
#4470 = PLANE('',#4471);
#4471 = AXIS2_PLACEMENT_3D('',#4472,#4473,#4474);
#4472 = CARTESIAN_POINT('',(120.7,-82.325,19.51));
#4473 = DIRECTION('',(0.,1.,0.));
#4474 = DIRECTION('',(-1.,0.,0.));
#4475 = ADVANCED_FACE('',(#4476),#4487,.T.);
#4476 = FACE_BOUND('',#4477,.T.);
#4477 = EDGE_LOOP('',(#4478,#4479,#4480,#4486));
#4478 = ORIENTED_EDGE('',*,*,#4433,.F.);
#4479 = ORIENTED_EDGE('',*,*,#1466,.T.);
#4480 = ORIENTED_EDGE('',*,*,#4481,.T.);
#4481 = EDGE_CURVE('',#1459,#2081,#4482,.T.);
#4482 = LINE('',#4483,#4484);
#4483 = CARTESIAN_POINT('',(36.200000000023,-114.825,19.010000000023));
#4484 = VECTOR('',#4485,1.);
#4485 = DIRECTION('',(-0.707106781187,-0.,-0.707106781187));
#4486 = ORIENTED_EDGE('',*,*,#2080,.F.);
#4487 = PLANE('',#4488);
#4488 = AXIS2_PLACEMENT_3D('',#4489,#4490,#4491);
#4489 = CARTESIAN_POINT('',(36.2,-118.325,19.01));
#4490 = DIRECTION('',(-0.707106781187,0.,0.707106781187));
#4491 = DIRECTION('',(0.,1.,0.));
#4492 = ADVANCED_FACE('',(#4493),#4511,.F.);
#4493 = FACE_BOUND('',#4494,.F.);
#4494 = EDGE_LOOP('',(#4495,#4503,#4509,#4510));
#4495 = ORIENTED_EDGE('',*,*,#4496,.T.);
#4496 = EDGE_CURVE('',#1259,#4497,#4499,.T.);
#4497 = VERTEX_POINT('',#4498);
#4498 = CARTESIAN_POINT('',(120.7,-84.825,15.51));
#4499 = LINE('',#4500,#4501);
#4500 = CARTESIAN_POINT('',(120.7,-84.825,19.51));
#4501 = VECTOR('',#4502,1.);
#4502 = DIRECTION('',(-0.,-0.,-1.));
#4503 = ORIENTED_EDGE('',*,*,#4504,.T.);
#4504 = EDGE_CURVE('',#4497,#4458,#4505,.T.);
#4505 = LINE('',#4506,#4507);
#4506 = CARTESIAN_POINT('',(120.7,-84.825,15.51));
#4507 = VECTOR('',#4508,1.);
#4508 = DIRECTION('',(0.,1.,0.));
#4509 = ORIENTED_EDGE('',*,*,#4457,.F.);
#4510 = ORIENTED_EDGE('',*,*,#1258,.F.);
#4511 = PLANE('',#4512);
#4512 = AXIS2_PLACEMENT_3D('',#4513,#4514,#4515);
#4513 = CARTESIAN_POINT('',(120.7,-84.825,19.51));
#4514 = DIRECTION('',(1.,0.,0.));
#4515 = DIRECTION('',(0.,1.,0.));
#4516 = ADVANCED_FACE('',(#4517),#4536,.F.);
#4517 = FACE_BOUND('',#4518,.F.);
#4518 = EDGE_LOOP('',(#4519,#4520,#4528,#4534,#4535));
#4519 = ORIENTED_EDGE('',*,*,#2088,.T.);
#4520 = ORIENTED_EDGE('',*,*,#4521,.T.);
#4521 = EDGE_CURVE('',#2089,#4522,#4524,.T.);
#4522 = VERTEX_POINT('',#4523);
#4523 = CARTESIAN_POINT('',(120.7,-114.825,15.51));
#4524 = LINE('',#4525,#4526);
#4525 = CARTESIAN_POINT('',(35.70000000009,-114.825,15.51));
#4526 = VECTOR('',#4527,1.);
#4527 = DIRECTION('',(1.,0.,0.));
#4528 = ORIENTED_EDGE('',*,*,#4529,.F.);
#4529 = EDGE_CURVE('',#1451,#4522,#4530,.T.);
#4530 = LINE('',#4531,#4532);
#4531 = CARTESIAN_POINT('',(120.7,-114.825,19.51));
#4532 = VECTOR('',#4533,1.);
#4533 = DIRECTION('',(-0.,-0.,-1.));
#4534 = ORIENTED_EDGE('',*,*,#1458,.F.);
#4535 = ORIENTED_EDGE('',*,*,#4481,.T.);
#4536 = PLANE('',#4537);
#4537 = AXIS2_PLACEMENT_3D('',#4538,#4539,#4540);
#4538 = CARTESIAN_POINT('',(35.70000000009,-114.825,19.51));
#4539 = DIRECTION('',(0.,-1.,0.));
#4540 = DIRECTION('',(1.,0.,0.));
#4541 = ADVANCED_FACE('',(#4542),#4559,.F.);
#4542 = FACE_BOUND('',#4543,.F.);
#4543 = EDGE_LOOP('',(#4544,#4545,#4551,#4552,#4553));
#4544 = ORIENTED_EDGE('',*,*,#2280,.T.);
#4545 = ORIENTED_EDGE('',*,*,#4546,.T.);
#4546 = EDGE_CURVE('',#2281,#4497,#4547,.T.);
#4547 = LINE('',#4548,#4549);
#4548 = CARTESIAN_POINT('',(35.700000000043,-84.825,15.51));
#4549 = VECTOR('',#4550,1.);
#4550 = DIRECTION('',(1.,0.,0.));
#4551 = ORIENTED_EDGE('',*,*,#4496,.F.);
#4552 = ORIENTED_EDGE('',*,*,#1266,.F.);
#4553 = ORIENTED_EDGE('',*,*,#4554,.T.);
#4554 = EDGE_CURVE('',#1267,#2273,#4555,.T.);
#4555 = LINE('',#4556,#4557);
#4556 = CARTESIAN_POINT('',(36.200000000011,-84.825,19.010000000011));
#4557 = VECTOR('',#4558,1.);
#4558 = DIRECTION('',(-0.707106781187,-0.,-0.707106781187));
#4559 = PLANE('',#4560);
#4560 = AXIS2_PLACEMENT_3D('',#4561,#4562,#4563);
#4561 = CARTESIAN_POINT('',(35.700000000043,-84.825,19.51));
#4562 = DIRECTION('',(0.,-1.,0.));
#4563 = DIRECTION('',(1.,0.,0.));
#4564 = ADVANCED_FACE('',(#4565),#4583,.F.);
#4565 = FACE_BOUND('',#4566,.F.);
#4566 = EDGE_LOOP('',(#4567,#4568,#4576,#4582));
#4567 = ORIENTED_EDGE('',*,*,#4529,.T.);
#4568 = ORIENTED_EDGE('',*,*,#4569,.T.);
#4569 = EDGE_CURVE('',#4522,#4570,#4572,.T.);
#4570 = VERTEX_POINT('',#4571);
#4571 = CARTESIAN_POINT('',(120.7,-112.325,15.51));
#4572 = LINE('',#4573,#4574);
#4573 = CARTESIAN_POINT('',(120.7,-114.825,15.51));
#4574 = VECTOR('',#4575,1.);
#4575 = DIRECTION('',(0.,1.,0.));
#4576 = ORIENTED_EDGE('',*,*,#4577,.F.);
#4577 = EDGE_CURVE('',#1443,#4570,#4578,.T.);
#4578 = LINE('',#4579,#4580);
#4579 = CARTESIAN_POINT('',(120.7,-112.325,19.51));
#4580 = VECTOR('',#4581,1.);
#4581 = DIRECTION('',(-0.,-0.,-1.));
#4582 = ORIENTED_EDGE('',*,*,#1450,.F.);
#4583 = PLANE('',#4584);
#4584 = AXIS2_PLACEMENT_3D('',#4585,#4586,#4587);
#4585 = CARTESIAN_POINT('',(120.7,-114.825,19.51));
#4586 = DIRECTION('',(1.,0.,0.));
#4587 = DIRECTION('',(0.,1.,0.));
#4588 = ADVANCED_FACE('',(#4589),#4600,.T.);
#4589 = FACE_BOUND('',#4590,.T.);
#4590 = EDGE_LOOP('',(#4591,#4597,#4598,#4599));
#4591 = ORIENTED_EDGE('',*,*,#4592,.F.);
#4592 = EDGE_CURVE('',#1275,#2265,#4593,.T.);
#4593 = LINE('',#4594,#4595);
#4594 = CARTESIAN_POINT('',(57.45,-87.325,40.26));
#4595 = VECTOR('',#4596,1.);
#4596 = DIRECTION('',(-0.707106781187,0.,-0.707106781187));
#4597 = ORIENTED_EDGE('',*,*,#1274,.T.);
#4598 = ORIENTED_EDGE('',*,*,#4554,.T.);
#4599 = ORIENTED_EDGE('',*,*,#2272,.F.);
#4600 = PLANE('',#4601);
#4601 = AXIS2_PLACEMENT_3D('',#4602,#4603,#4604);
#4602 = CARTESIAN_POINT('',(36.2,-87.325,19.01));
#4603 = DIRECTION('',(-0.707106781187,0.,0.707106781187));
#4604 = DIRECTION('',(0.,1.,0.));
#4605 = ADVANCED_FACE('',(#4606),#4623,.F.);
#4606 = FACE_BOUND('',#4607,.F.);
#4607 = EDGE_LOOP('',(#4608,#4609,#4615,#4616,#4617));
#4608 = ORIENTED_EDGE('',*,*,#2104,.F.);
#4609 = ORIENTED_EDGE('',*,*,#4610,.F.);
#4610 = EDGE_CURVE('',#1435,#2105,#4611,.T.);
#4611 = LINE('',#4612,#4613);
#4612 = CARTESIAN_POINT('',(57.45,-112.325,40.26));
#4613 = VECTOR('',#4614,1.);
#4614 = DIRECTION('',(-0.707106781187,0.,-0.707106781187));
#4615 = ORIENTED_EDGE('',*,*,#1442,.F.);
#4616 = ORIENTED_EDGE('',*,*,#4577,.T.);
#4617 = ORIENTED_EDGE('',*,*,#4618,.T.);
#4618 = EDGE_CURVE('',#4570,#2097,#4619,.T.);
#4619 = LINE('',#4620,#4621);
#4620 = CARTESIAN_POINT('',(120.7,-112.325,15.51));
#4621 = VECTOR('',#4622,1.);
#4622 = DIRECTION('',(-1.,0.,0.));
#4623 = PLANE('',#4624);
#4624 = AXIS2_PLACEMENT_3D('',#4625,#4626,#4627);
#4625 = CARTESIAN_POINT('',(120.7,-112.325,19.51));
#4626 = DIRECTION('',(0.,1.,0.));
#4627 = DIRECTION('',(-1.,0.,0.));
#4628 = ADVANCED_FACE('',(#4629),#4648,.F.);
#4629 = FACE_BOUND('',#4630,.F.);
#4630 = EDGE_LOOP('',(#4631,#4632,#4633,#4634,#4642));
#4631 = ORIENTED_EDGE('',*,*,#2264,.F.);
#4632 = ORIENTED_EDGE('',*,*,#4592,.F.);
#4633 = ORIENTED_EDGE('',*,*,#1282,.F.);
#4634 = ORIENTED_EDGE('',*,*,#4635,.T.);
#4635 = EDGE_CURVE('',#1283,#4636,#4638,.T.);
#4636 = VERTEX_POINT('',#4637);
#4637 = CARTESIAN_POINT('',(120.7,-87.325,15.51));
#4638 = LINE('',#4639,#4640);
#4639 = CARTESIAN_POINT('',(120.7,-87.325,19.51));
#4640 = VECTOR('',#4641,1.);
#4641 = DIRECTION('',(-0.,-0.,-1.));
#4642 = ORIENTED_EDGE('',*,*,#4643,.T.);
#4643 = EDGE_CURVE('',#4636,#2257,#4644,.T.);
#4644 = LINE('',#4645,#4646);
#4645 = CARTESIAN_POINT('',(120.7,-87.325,15.51));
#4646 = VECTOR('',#4647,1.);
#4647 = DIRECTION('',(-1.,0.,0.));
#4648 = PLANE('',#4649);
#4649 = AXIS2_PLACEMENT_3D('',#4650,#4651,#4652);
#4650 = CARTESIAN_POINT('',(120.7,-87.325,19.51));
#4651 = DIRECTION('',(0.,1.,0.));
#4652 = DIRECTION('',(-1.,0.,0.));
#4653 = ADVANCED_FACE('',(#4654),#4665,.T.);
#4654 = FACE_BOUND('',#4655,.T.);
#4655 = EDGE_LOOP('',(#4656,#4657,#4658,#4664));
#4656 = ORIENTED_EDGE('',*,*,#4610,.F.);
#4657 = ORIENTED_EDGE('',*,*,#1434,.T.);
#4658 = ORIENTED_EDGE('',*,*,#4659,.T.);
#4659 = EDGE_CURVE('',#1427,#2113,#4660,.T.);
#4660 = LINE('',#4661,#4662);
#4661 = CARTESIAN_POINT('',(36.200000000012,-109.825,19.010000000012));
#4662 = VECTOR('',#4663,1.);
#4663 = DIRECTION('',(-0.707106781187,-0.,-0.707106781187));
#4664 = ORIENTED_EDGE('',*,*,#2112,.F.);
#4665 = PLANE('',#4666);
#4666 = AXIS2_PLACEMENT_3D('',#4667,#4668,#4669);
#4667 = CARTESIAN_POINT('',(36.2,-112.325,19.01));
#4668 = DIRECTION('',(-0.707106781187,0.,0.707106781187));
#4669 = DIRECTION('',(0.,1.,0.));
#4670 = ADVANCED_FACE('',(#4671),#4689,.F.);
#4671 = FACE_BOUND('',#4672,.F.);
#4672 = EDGE_LOOP('',(#4673,#4681,#4687,#4688));
#4673 = ORIENTED_EDGE('',*,*,#4674,.T.);
#4674 = EDGE_CURVE('',#1291,#4675,#4677,.T.);
#4675 = VERTEX_POINT('',#4676);
#4676 = CARTESIAN_POINT('',(120.7,-89.825,15.51));
#4677 = LINE('',#4678,#4679);
#4678 = CARTESIAN_POINT('',(120.7,-89.825,19.51));
#4679 = VECTOR('',#4680,1.);
#4680 = DIRECTION('',(-0.,-0.,-1.));
#4681 = ORIENTED_EDGE('',*,*,#4682,.T.);
#4682 = EDGE_CURVE('',#4675,#4636,#4683,.T.);
#4683 = LINE('',#4684,#4685);
#4684 = CARTESIAN_POINT('',(120.7,-89.825,15.51));
#4685 = VECTOR('',#4686,1.);
#4686 = DIRECTION('',(0.,1.,0.));
#4687 = ORIENTED_EDGE('',*,*,#4635,.F.);
#4688 = ORIENTED_EDGE('',*,*,#1290,.F.);
#4689 = PLANE('',#4690);
#4690 = AXIS2_PLACEMENT_3D('',#4691,#4692,#4693);
#4691 = CARTESIAN_POINT('',(120.7,-89.825,19.51));
#4692 = DIRECTION('',(1.,0.,0.));
#4693 = DIRECTION('',(0.,1.,0.));
#4694 = ADVANCED_FACE('',(#4695),#4714,.F.);
#4695 = FACE_BOUND('',#4696,.F.);
#4696 = EDGE_LOOP('',(#4697,#4698,#4706,#4712,#4713));
#4697 = ORIENTED_EDGE('',*,*,#2120,.T.);
#4698 = ORIENTED_EDGE('',*,*,#4699,.T.);
#4699 = EDGE_CURVE('',#2121,#4700,#4702,.T.);
#4700 = VERTEX_POINT('',#4701);
#4701 = CARTESIAN_POINT('',(120.7,-109.825,15.51));
#4702 = LINE('',#4703,#4704);
#4703 = CARTESIAN_POINT('',(35.700000000047,-109.825,15.51));
#4704 = VECTOR('',#4705,1.);
#4705 = DIRECTION('',(1.,0.,0.));
#4706 = ORIENTED_EDGE('',*,*,#4707,.F.);
#4707 = EDGE_CURVE('',#1419,#4700,#4708,.T.);
#4708 = LINE('',#4709,#4710);
#4709 = CARTESIAN_POINT('',(120.7,-109.825,19.51));
#4710 = VECTOR('',#4711,1.);
#4711 = DIRECTION('',(-0.,-0.,-1.));
#4712 = ORIENTED_EDGE('',*,*,#1426,.F.);
#4713 = ORIENTED_EDGE('',*,*,#4659,.T.);
#4714 = PLANE('',#4715);
#4715 = AXIS2_PLACEMENT_3D('',#4716,#4717,#4718);
#4716 = CARTESIAN_POINT('',(35.700000000047,-109.825,19.51));
#4717 = DIRECTION('',(0.,-1.,0.));
#4718 = DIRECTION('',(1.,0.,0.));
#4719 = ADVANCED_FACE('',(#4720),#4737,.F.);
#4720 = FACE_BOUND('',#4721,.F.);
#4721 = EDGE_LOOP('',(#4722,#4723,#4729,#4730,#4731));
#4722 = ORIENTED_EDGE('',*,*,#2248,.T.);
#4723 = ORIENTED_EDGE('',*,*,#4724,.T.);
#4724 = EDGE_CURVE('',#2249,#4675,#4725,.T.);
#4725 = LINE('',#4726,#4727);
#4726 = CARTESIAN_POINT('',(35.699999999873,-89.825,15.51));
#4727 = VECTOR('',#4728,1.);
#4728 = DIRECTION('',(1.,0.,0.));
#4729 = ORIENTED_EDGE('',*,*,#4674,.F.);
#4730 = ORIENTED_EDGE('',*,*,#1298,.F.);
#4731 = ORIENTED_EDGE('',*,*,#4732,.T.);
#4732 = EDGE_CURVE('',#1299,#2241,#4733,.T.);
#4733 = LINE('',#4734,#4735);
#4734 = CARTESIAN_POINT('',(36.199999999968,-89.825,19.009999999968));
#4735 = VECTOR('',#4736,1.);
#4736 = DIRECTION('',(-0.707106781187,-0.,-0.707106781187));
#4737 = PLANE('',#4738);
#4738 = AXIS2_PLACEMENT_3D('',#4739,#4740,#4741);
#4739 = CARTESIAN_POINT('',(35.699999999873,-89.825,19.51));
#4740 = DIRECTION('',(0.,-1.,0.));
#4741 = DIRECTION('',(1.,0.,0.));
#4742 = ADVANCED_FACE('',(#4743),#4761,.F.);
#4743 = FACE_BOUND('',#4744,.F.);
#4744 = EDGE_LOOP('',(#4745,#4746,#4754,#4760));
#4745 = ORIENTED_EDGE('',*,*,#4707,.T.);
#4746 = ORIENTED_EDGE('',*,*,#4747,.T.);
#4747 = EDGE_CURVE('',#4700,#4748,#4750,.T.);
#4748 = VERTEX_POINT('',#4749);
#4749 = CARTESIAN_POINT('',(120.7,-107.325,15.51));
#4750 = LINE('',#4751,#4752);
#4751 = CARTESIAN_POINT('',(120.7,-109.825,15.51));
#4752 = VECTOR('',#4753,1.);
#4753 = DIRECTION('',(0.,1.,0.));
#4754 = ORIENTED_EDGE('',*,*,#4755,.F.);
#4755 = EDGE_CURVE('',#1411,#4748,#4756,.T.);
#4756 = LINE('',#4757,#4758);
#4757 = CARTESIAN_POINT('',(120.7,-107.325,19.51));
#4758 = VECTOR('',#4759,1.);
#4759 = DIRECTION('',(-0.,-0.,-1.));
#4760 = ORIENTED_EDGE('',*,*,#1418,.F.);
#4761 = PLANE('',#4762);
#4762 = AXIS2_PLACEMENT_3D('',#4763,#4764,#4765);
#4763 = CARTESIAN_POINT('',(120.7,-109.825,19.51));
#4764 = DIRECTION('',(1.,0.,0.));
#4765 = DIRECTION('',(0.,1.,0.));
#4766 = ADVANCED_FACE('',(#4767),#4778,.T.);
#4767 = FACE_BOUND('',#4768,.T.);
#4768 = EDGE_LOOP('',(#4769,#4775,#4776,#4777));
#4769 = ORIENTED_EDGE('',*,*,#4770,.F.);
#4770 = EDGE_CURVE('',#1307,#2233,#4771,.T.);
#4771 = LINE('',#4772,#4773);
#4772 = CARTESIAN_POINT('',(57.45,-92.325,40.26));
#4773 = VECTOR('',#4774,1.);
#4774 = DIRECTION('',(-0.707106781187,0.,-0.707106781187));
#4775 = ORIENTED_EDGE('',*,*,#1306,.T.);
#4776 = ORIENTED_EDGE('',*,*,#4732,.T.);
#4777 = ORIENTED_EDGE('',*,*,#2240,.F.);
#4778 = PLANE('',#4779);
#4779 = AXIS2_PLACEMENT_3D('',#4780,#4781,#4782);
#4780 = CARTESIAN_POINT('',(36.2,-92.325,19.01));
#4781 = DIRECTION('',(-0.707106781187,0.,0.707106781187));
#4782 = DIRECTION('',(0.,1.,0.));
#4783 = ADVANCED_FACE('',(#4784),#4801,.F.);
#4784 = FACE_BOUND('',#4785,.F.);
#4785 = EDGE_LOOP('',(#4786,#4787,#4793,#4794,#4795));
#4786 = ORIENTED_EDGE('',*,*,#2136,.F.);
#4787 = ORIENTED_EDGE('',*,*,#4788,.F.);
#4788 = EDGE_CURVE('',#1403,#2137,#4789,.T.);
#4789 = LINE('',#4790,#4791);
#4790 = CARTESIAN_POINT('',(57.45,-107.325,40.26));
#4791 = VECTOR('',#4792,1.);
#4792 = DIRECTION('',(-0.707106781187,0.,-0.707106781187));
#4793 = ORIENTED_EDGE('',*,*,#1410,.F.);
#4794 = ORIENTED_EDGE('',*,*,#4755,.T.);
#4795 = ORIENTED_EDGE('',*,*,#4796,.T.);
#4796 = EDGE_CURVE('',#4748,#2129,#4797,.T.);
#4797 = LINE('',#4798,#4799);
#4798 = CARTESIAN_POINT('',(120.7,-107.325,15.51));
#4799 = VECTOR('',#4800,1.);
#4800 = DIRECTION('',(-1.,0.,0.));
#4801 = PLANE('',#4802);
#4802 = AXIS2_PLACEMENT_3D('',#4803,#4804,#4805);
#4803 = CARTESIAN_POINT('',(120.7,-107.325,19.51));
#4804 = DIRECTION('',(0.,1.,0.));
#4805 = DIRECTION('',(-1.,0.,0.));
#4806 = ADVANCED_FACE('',(#4807),#4826,.F.);
#4807 = FACE_BOUND('',#4808,.F.);
#4808 = EDGE_LOOP('',(#4809,#4810,#4811,#4812,#4820));
#4809 = ORIENTED_EDGE('',*,*,#2232,.F.);
#4810 = ORIENTED_EDGE('',*,*,#4770,.F.);
#4811 = ORIENTED_EDGE('',*,*,#1314,.F.);
#4812 = ORIENTED_EDGE('',*,*,#4813,.T.);
#4813 = EDGE_CURVE('',#1315,#4814,#4816,.T.);
#4814 = VERTEX_POINT('',#4815);
#4815 = CARTESIAN_POINT('',(120.7,-92.325,15.51));
#4816 = LINE('',#4817,#4818);
#4817 = CARTESIAN_POINT('',(120.7,-92.325,19.51));
#4818 = VECTOR('',#4819,1.);
#4819 = DIRECTION('',(-0.,-0.,-1.));
#4820 = ORIENTED_EDGE('',*,*,#4821,.T.);
#4821 = EDGE_CURVE('',#4814,#2225,#4822,.T.);
#4822 = LINE('',#4823,#4824);
#4823 = CARTESIAN_POINT('',(120.7,-92.325,15.51));
#4824 = VECTOR('',#4825,1.);
#4825 = DIRECTION('',(-1.,0.,0.));
#4826 = PLANE('',#4827);
#4827 = AXIS2_PLACEMENT_3D('',#4828,#4829,#4830);
#4828 = CARTESIAN_POINT('',(120.7,-92.325,19.51));
#4829 = DIRECTION('',(0.,1.,0.));
#4830 = DIRECTION('',(-1.,0.,0.));
#4831 = ADVANCED_FACE('',(#4832),#4843,.T.);
#4832 = FACE_BOUND('',#4833,.T.);
#4833 = EDGE_LOOP('',(#4834,#4835,#4836,#4842));
#4834 = ORIENTED_EDGE('',*,*,#4788,.F.);
#4835 = ORIENTED_EDGE('',*,*,#1402,.T.);
#4836 = ORIENTED_EDGE('',*,*,#4837,.T.);
#4837 = EDGE_CURVE('',#1395,#2145,#4838,.T.);
#4838 = LINE('',#4839,#4840);
#4839 = CARTESIAN_POINT('',(36.200000000001,-104.825,19.010000000001));
#4840 = VECTOR('',#4841,1.);
#4841 = DIRECTION('',(-0.707106781187,-0.,-0.707106781187));
#4842 = ORIENTED_EDGE('',*,*,#2144,.F.);
#4843 = PLANE('',#4844);
#4844 = AXIS2_PLACEMENT_3D('',#4845,#4846,#4847);
#4845 = CARTESIAN_POINT('',(36.2,-107.325,19.01));
#4846 = DIRECTION('',(-0.707106781187,0.,0.707106781187));
#4847 = DIRECTION('',(0.,1.,0.));
#4848 = ADVANCED_FACE('',(#4849),#4867,.F.);
#4849 = FACE_BOUND('',#4850,.F.);
#4850 = EDGE_LOOP('',(#4851,#4859,#4865,#4866));
#4851 = ORIENTED_EDGE('',*,*,#4852,.T.);
#4852 = EDGE_CURVE('',#1323,#4853,#4855,.T.);
#4853 = VERTEX_POINT('',#4854);
#4854 = CARTESIAN_POINT('',(120.7,-94.825,15.51));
#4855 = LINE('',#4856,#4857);
#4856 = CARTESIAN_POINT('',(120.7,-94.825,19.51));
#4857 = VECTOR('',#4858,1.);
#4858 = DIRECTION('',(-0.,-0.,-1.));
#4859 = ORIENTED_EDGE('',*,*,#4860,.T.);
#4860 = EDGE_CURVE('',#4853,#4814,#4861,.T.);
#4861 = LINE('',#4862,#4863);
#4862 = CARTESIAN_POINT('',(120.7,-94.825,15.51));
#4863 = VECTOR('',#4864,1.);
#4864 = DIRECTION('',(0.,1.,0.));
#4865 = ORIENTED_EDGE('',*,*,#4813,.F.);
#4866 = ORIENTED_EDGE('',*,*,#1322,.F.);
#4867 = PLANE('',#4868);
#4868 = AXIS2_PLACEMENT_3D('',#4869,#4870,#4871);
#4869 = CARTESIAN_POINT('',(120.7,-94.825,19.51));
#4870 = DIRECTION('',(1.,0.,0.));
#4871 = DIRECTION('',(0.,1.,0.));
#4872 = ADVANCED_FACE('',(#4873),#4892,.F.);
#4873 = FACE_BOUND('',#4874,.F.);
#4874 = EDGE_LOOP('',(#4875,#4876,#4884,#4890,#4891));
#4875 = ORIENTED_EDGE('',*,*,#2152,.T.);
#4876 = ORIENTED_EDGE('',*,*,#4877,.T.);
#4877 = EDGE_CURVE('',#2153,#4878,#4880,.T.);
#4878 = VERTEX_POINT('',#4879);
#4879 = CARTESIAN_POINT('',(120.7,-104.825,15.51));
#4880 = LINE('',#4881,#4882);
#4881 = CARTESIAN_POINT('',(35.700000000003,-104.825,15.51));
#4882 = VECTOR('',#4883,1.);
#4883 = DIRECTION('',(1.,0.,0.));
#4884 = ORIENTED_EDGE('',*,*,#4885,.F.);
#4885 = EDGE_CURVE('',#1387,#4878,#4886,.T.);
#4886 = LINE('',#4887,#4888);
#4887 = CARTESIAN_POINT('',(120.7,-104.825,19.51));
#4888 = VECTOR('',#4889,1.);
#4889 = DIRECTION('',(-0.,-0.,-1.));
#4890 = ORIENTED_EDGE('',*,*,#1394,.F.);
#4891 = ORIENTED_EDGE('',*,*,#4837,.T.);
#4892 = PLANE('',#4893);
#4893 = AXIS2_PLACEMENT_3D('',#4894,#4895,#4896);
#4894 = CARTESIAN_POINT('',(35.700000000003,-104.825,19.51));
#4895 = DIRECTION('',(0.,-1.,0.));
#4896 = DIRECTION('',(1.,0.,0.));
#4897 = ADVANCED_FACE('',(#4898),#4915,.F.);
#4898 = FACE_BOUND('',#4899,.F.);
#4899 = EDGE_LOOP('',(#4900,#4901,#4907,#4908,#4909));
#4900 = ORIENTED_EDGE('',*,*,#2216,.T.);
#4901 = ORIENTED_EDGE('',*,*,#4902,.T.);
#4902 = EDGE_CURVE('',#2217,#4853,#4903,.T.);
#4903 = LINE('',#4904,#4905);
#4904 = CARTESIAN_POINT('',(35.699999999916,-94.825,15.51));
#4905 = VECTOR('',#4906,1.);
#4906 = DIRECTION('',(1.,0.,0.));
#4907 = ORIENTED_EDGE('',*,*,#4852,.F.);
#4908 = ORIENTED_EDGE('',*,*,#1330,.F.);
#4909 = ORIENTED_EDGE('',*,*,#4910,.T.);
#4910 = EDGE_CURVE('',#1331,#2209,#4911,.T.);
#4911 = LINE('',#4912,#4913);
#4912 = CARTESIAN_POINT('',(36.199999999979,-94.825,19.009999999979));
#4913 = VECTOR('',#4914,1.);
#4914 = DIRECTION('',(-0.707106781187,-0.,-0.707106781187));
#4915 = PLANE('',#4916);
#4916 = AXIS2_PLACEMENT_3D('',#4917,#4918,#4919);
#4917 = CARTESIAN_POINT('',(35.699999999916,-94.825,19.51));
#4918 = DIRECTION('',(0.,-1.,0.));
#4919 = DIRECTION('',(1.,0.,0.));
#4920 = ADVANCED_FACE('',(#4921),#4939,.F.);
#4921 = FACE_BOUND('',#4922,.F.);
#4922 = EDGE_LOOP('',(#4923,#4924,#4932,#4938));
#4923 = ORIENTED_EDGE('',*,*,#4885,.T.);
#4924 = ORIENTED_EDGE('',*,*,#4925,.T.);
#4925 = EDGE_CURVE('',#4878,#4926,#4928,.T.);
#4926 = VERTEX_POINT('',#4927);
#4927 = CARTESIAN_POINT('',(120.7,-102.325,15.51));
#4928 = LINE('',#4929,#4930);
#4929 = CARTESIAN_POINT('',(120.7,-104.825,15.51));
#4930 = VECTOR('',#4931,1.);
#4931 = DIRECTION('',(0.,1.,0.));
#4932 = ORIENTED_EDGE('',*,*,#4933,.F.);
#4933 = EDGE_CURVE('',#1379,#4926,#4934,.T.);
#4934 = LINE('',#4935,#4936);
#4935 = CARTESIAN_POINT('',(120.7,-102.325,19.51));
#4936 = VECTOR('',#4937,1.);
#4937 = DIRECTION('',(-0.,-0.,-1.));
#4938 = ORIENTED_EDGE('',*,*,#1386,.F.);
#4939 = PLANE('',#4940);
#4940 = AXIS2_PLACEMENT_3D('',#4941,#4942,#4943);
#4941 = CARTESIAN_POINT('',(120.7,-104.825,19.51));
#4942 = DIRECTION('',(1.,0.,0.));
#4943 = DIRECTION('',(0.,1.,0.));
#4944 = ADVANCED_FACE('',(#4945),#4956,.T.);
#4945 = FACE_BOUND('',#4946,.T.);
#4946 = EDGE_LOOP('',(#4947,#4953,#4954,#4955));
#4947 = ORIENTED_EDGE('',*,*,#4948,.F.);
#4948 = EDGE_CURVE('',#1339,#2201,#4949,.T.);
#4949 = LINE('',#4950,#4951);
#4950 = CARTESIAN_POINT('',(57.45,-97.325,40.26));
#4951 = VECTOR('',#4952,1.);
#4952 = DIRECTION('',(-0.707106781187,0.,-0.707106781187));
#4953 = ORIENTED_EDGE('',*,*,#1338,.T.);
#4954 = ORIENTED_EDGE('',*,*,#4910,.T.);
#4955 = ORIENTED_EDGE('',*,*,#2208,.F.);
#4956 = PLANE('',#4957);
#4957 = AXIS2_PLACEMENT_3D('',#4958,#4959,#4960);
#4958 = CARTESIAN_POINT('',(36.2,-97.325,19.01));
#4959 = DIRECTION('',(-0.707106781187,0.,0.707106781187));
#4960 = DIRECTION('',(0.,1.,0.));
#4961 = ADVANCED_FACE('',(#4962),#4979,.F.);
#4962 = FACE_BOUND('',#4963,.F.);
#4963 = EDGE_LOOP('',(#4964,#4965,#4971,#4972,#4973));
#4964 = ORIENTED_EDGE('',*,*,#2168,.F.);
#4965 = ORIENTED_EDGE('',*,*,#4966,.F.);
#4966 = EDGE_CURVE('',#1371,#2169,#4967,.T.);
#4967 = LINE('',#4968,#4969);
#4968 = CARTESIAN_POINT('',(57.45,-102.325,40.26));
#4969 = VECTOR('',#4970,1.);
#4970 = DIRECTION('',(-0.707106781187,0.,-0.707106781187));
#4971 = ORIENTED_EDGE('',*,*,#1378,.F.);
#4972 = ORIENTED_EDGE('',*,*,#4933,.T.);
#4973 = ORIENTED_EDGE('',*,*,#4974,.T.);
#4974 = EDGE_CURVE('',#4926,#2161,#4975,.T.);
#4975 = LINE('',#4976,#4977);
#4976 = CARTESIAN_POINT('',(120.7,-102.325,15.51));
#4977 = VECTOR('',#4978,1.);
#4978 = DIRECTION('',(-1.,0.,0.));
#4979 = PLANE('',#4980);
#4980 = AXIS2_PLACEMENT_3D('',#4981,#4982,#4983);
#4981 = CARTESIAN_POINT('',(120.7,-102.325,19.51));
#4982 = DIRECTION('',(0.,1.,0.));
#4983 = DIRECTION('',(-1.,0.,0.));
#4984 = ADVANCED_FACE('',(#4985),#5004,.F.);
#4985 = FACE_BOUND('',#4986,.F.);
#4986 = EDGE_LOOP('',(#4987,#4988,#4989,#4990,#4998));
#4987 = ORIENTED_EDGE('',*,*,#2200,.F.);
#4988 = ORIENTED_EDGE('',*,*,#4948,.F.);
#4989 = ORIENTED_EDGE('',*,*,#1346,.F.);
#4990 = ORIENTED_EDGE('',*,*,#4991,.T.);
#4991 = EDGE_CURVE('',#1347,#4992,#4994,.T.);
#4992 = VERTEX_POINT('',#4993);
#4993 = CARTESIAN_POINT('',(120.7,-97.325,15.51));
#4994 = LINE('',#4995,#4996);
#4995 = CARTESIAN_POINT('',(120.7,-97.325,19.51));
#4996 = VECTOR('',#4997,1.);
#4997 = DIRECTION('',(-0.,-0.,-1.));
#4998 = ORIENTED_EDGE('',*,*,#4999,.T.);
#4999 = EDGE_CURVE('',#4992,#2193,#5000,.T.);
#5000 = LINE('',#5001,#5002);
#5001 = CARTESIAN_POINT('',(120.7,-97.325,15.51));
#5002 = VECTOR('',#5003,1.);
#5003 = DIRECTION('',(-1.,0.,0.));
#5004 = PLANE('',#5005);
#5005 = AXIS2_PLACEMENT_3D('',#5006,#5007,#5008);
#5006 = CARTESIAN_POINT('',(120.7,-97.325,19.51));
#5007 = DIRECTION('',(0.,1.,0.));
#5008 = DIRECTION('',(-1.,0.,0.));
#5009 = ADVANCED_FACE('',(#5010),#5021,.T.);
#5010 = FACE_BOUND('',#5011,.T.);
#5011 = EDGE_LOOP('',(#5012,#5013,#5014,#5020));
#5012 = ORIENTED_EDGE('',*,*,#4966,.F.);
#5013 = ORIENTED_EDGE('',*,*,#1370,.T.);
#5014 = ORIENTED_EDGE('',*,*,#5015,.T.);
#5015 = EDGE_CURVE('',#1363,#2177,#5016,.T.);
#5016 = LINE('',#5017,#5018);
#5017 = CARTESIAN_POINT('',(36.19999999999,-99.825,19.00999999999));
#5018 = VECTOR('',#5019,1.);
#5019 = DIRECTION('',(-0.707106781187,-0.,-0.707106781187));
#5020 = ORIENTED_EDGE('',*,*,#2176,.F.);
#5021 = PLANE('',#5022);
#5022 = AXIS2_PLACEMENT_3D('',#5023,#5024,#5025);
#5023 = CARTESIAN_POINT('',(36.2,-102.325,19.01));
#5024 = DIRECTION('',(-0.707106781187,0.,0.707106781187));
#5025 = DIRECTION('',(0.,1.,0.));
#5026 = ADVANCED_FACE('',(#5027),#5045,.F.);
#5027 = FACE_BOUND('',#5028,.F.);
#5028 = EDGE_LOOP('',(#5029,#5037,#5043,#5044));
#5029 = ORIENTED_EDGE('',*,*,#5030,.T.);
#5030 = EDGE_CURVE('',#1355,#5031,#5033,.T.);
#5031 = VERTEX_POINT('',#5032);
#5032 = CARTESIAN_POINT('',(120.7,-99.825,15.51));
#5033 = LINE('',#5034,#5035);
#5034 = CARTESIAN_POINT('',(120.7,-99.825,19.51));
#5035 = VECTOR('',#5036,1.);
#5036 = DIRECTION('',(-0.,-0.,-1.));
#5037 = ORIENTED_EDGE('',*,*,#5038,.T.);
#5038 = EDGE_CURVE('',#5031,#4992,#5039,.T.);
#5039 = LINE('',#5040,#5041);
#5040 = CARTESIAN_POINT('',(120.7,-99.825,15.51));
#5041 = VECTOR('',#5042,1.);
#5042 = DIRECTION('',(0.,1.,0.));
#5043 = ORIENTED_EDGE('',*,*,#4991,.F.);
#5044 = ORIENTED_EDGE('',*,*,#1354,.F.);
#5045 = PLANE('',#5046);
#5046 = AXIS2_PLACEMENT_3D('',#5047,#5048,#5049);
#5047 = CARTESIAN_POINT('',(120.7,-99.825,19.51));
#5048 = DIRECTION('',(1.,0.,0.));
#5049 = DIRECTION('',(0.,1.,0.));
#5050 = ADVANCED_FACE('',(#5051),#5063,.F.);
#5051 = FACE_BOUND('',#5052,.F.);
#5052 = EDGE_LOOP('',(#5053,#5054,#5060,#5061,#5062));
#5053 = ORIENTED_EDGE('',*,*,#2184,.T.);
#5054 = ORIENTED_EDGE('',*,*,#5055,.T.);
#5055 = EDGE_CURVE('',#2185,#5031,#5056,.T.);
#5056 = LINE('',#5057,#5058);
#5057 = CARTESIAN_POINT('',(35.699999999959,-99.825,15.51));
#5058 = VECTOR('',#5059,1.);
#5059 = DIRECTION('',(1.,0.,0.));
#5060 = ORIENTED_EDGE('',*,*,#5030,.F.);
#5061 = ORIENTED_EDGE('',*,*,#1362,.F.);
#5062 = ORIENTED_EDGE('',*,*,#5015,.T.);
#5063 = PLANE('',#5064);
#5064 = AXIS2_PLACEMENT_3D('',#5065,#5066,#5067);
#5065 = CARTESIAN_POINT('',(35.699999999959,-99.825,19.51));
#5066 = DIRECTION('',(0.,-1.,0.));
#5067 = DIRECTION('',(1.,0.,0.));
#5068 = ADVANCED_FACE('',(#5069),#5088,.F.);
#5069 = FACE_BOUND('',#5070,.T.);
#5070 = EDGE_LOOP('',(#5071,#5079,#5080,#5081));
#5071 = ORIENTED_EDGE('',*,*,#5072,.T.);
#5072 = EDGE_CURVE('',#5073,#1526,#5075,.T.);
#5073 = VERTEX_POINT('',#5074);
#5074 = CARTESIAN_POINT('',(41.35,-118.32,1.51));
#5075 = LINE('',#5076,#5077);
#5076 = CARTESIAN_POINT('',(41.35,-118.32,1.51));
#5077 = VECTOR('',#5078,1.);
#5078 = DIRECTION('',(0.,0.,1.));
#5079 = ORIENTED_EDGE('',*,*,#1525,.T.);
#5080 = ORIENTED_EDGE('',*,*,#5072,.F.);
#5081 = ORIENTED_EDGE('',*,*,#5082,.F.);
#5082 = EDGE_CURVE('',#5073,#5073,#5083,.T.);
#5083 = CIRCLE('',#5084,1.6);
#5084 = AXIS2_PLACEMENT_3D('',#5085,#5086,#5087);
#5085 = CARTESIAN_POINT('',(39.75,-118.32,1.51));
#5086 = DIRECTION('',(0.,0.,1.));
#5087 = DIRECTION('',(1.,0.,0.));
#5088 = CYLINDRICAL_SURFACE('',#5089,1.6);
#5089 = AXIS2_PLACEMENT_3D('',#5090,#5091,#5092);
#5090 = CARTESIAN_POINT('',(39.75,-118.32,1.51));
#5091 = DIRECTION('',(-0.,-0.,-1.));
#5092 = DIRECTION('',(1.,0.,0.));
#5093 = ADVANCED_FACE('',(#5094),#5105,.F.);
#5094 = FACE_BOUND('',#5095,.T.);
#5095 = EDGE_LOOP('',(#5096,#5102,#5103,#5104));
#5096 = ORIENTED_EDGE('',*,*,#5097,.T.);
#5097 = EDGE_CURVE('',#1821,#1537,#5098,.T.);
#5098 = LINE('',#5099,#5100);
#5099 = CARTESIAN_POINT('',(153.46,-118.46,1.51));
#5100 = VECTOR('',#5101,1.);
#5101 = DIRECTION('',(0.,0.,1.));
#5102 = ORIENTED_EDGE('',*,*,#1536,.T.);
#5103 = ORIENTED_EDGE('',*,*,#5097,.F.);
#5104 = ORIENTED_EDGE('',*,*,#1820,.F.);
#5105 = CYLINDRICAL_SURFACE('',#5106,1.6);
#5106 = AXIS2_PLACEMENT_3D('',#5107,#5108,#5109);
#5107 = CARTESIAN_POINT('',(151.86,-118.46,1.51));
#5108 = DIRECTION('',(-0.,-0.,-1.));
#5109 = DIRECTION('',(1.,0.,0.));
#5110 = ADVANCED_FACE('',(#5111),#5130,.F.);
#5111 = FACE_BOUND('',#5112,.F.);
#5112 = EDGE_LOOP('',(#5113,#5122,#5128,#5129));
#5113 = ORIENTED_EDGE('',*,*,#5114,.F.);
#5114 = EDGE_CURVE('',#5115,#5115,#5117,.T.);
#5115 = VERTEX_POINT('',#5116);
#5116 = CARTESIAN_POINT('',(127.2,-110.9,10.095));
#5117 = CIRCLE('',#5118,1.5);
#5118 = AXIS2_PLACEMENT_3D('',#5119,#5120,#5121);
#5119 = CARTESIAN_POINT('',(125.7,-110.9,10.095));
#5120 = DIRECTION('',(0.,0.,-1.));
#5121 = DIRECTION('',(1.,0.,0.));
#5122 = ORIENTED_EDGE('',*,*,#5123,.T.);
#5123 = EDGE_CURVE('',#5115,#1548,#5124,.T.);
#5124 = LINE('',#5125,#5126);
#5125 = CARTESIAN_POINT('',(127.2,-110.9,5.095));
#5126 = VECTOR('',#5127,1.);
#5127 = DIRECTION('',(0.,0.,1.));
#5128 = ORIENTED_EDGE('',*,*,#1547,.T.);
#5129 = ORIENTED_EDGE('',*,*,#5123,.F.);
#5130 = CYLINDRICAL_SURFACE('',#5131,1.5);
#5131 = AXIS2_PLACEMENT_3D('',#5132,#5133,#5134);
#5132 = CARTESIAN_POINT('',(125.7,-110.9,5.095));
#5133 = DIRECTION('',(0.,0.,-1.));
#5134 = DIRECTION('',(1.,0.,0.));
#5135 = ADVANCED_FACE('',(#5136),#5155,.F.);
#5136 = FACE_BOUND('',#5137,.F.);
#5137 = EDGE_LOOP('',(#5138,#5146,#5153,#5154));
#5138 = ORIENTED_EDGE('',*,*,#5139,.T.);
#5139 = EDGE_CURVE('',#1559,#5140,#5142,.T.);
#5140 = VERTEX_POINT('',#5141);
#5141 = CARTESIAN_POINT('',(144.85,-113.5,14.51));
#5142 = LINE('',#5143,#5144);
#5143 = CARTESIAN_POINT('',(144.85,-113.5,19.51));
#5144 = VECTOR('',#5145,1.);
#5145 = DIRECTION('',(-0.,-0.,-1.));
#5146 = ORIENTED_EDGE('',*,*,#5147,.T.);
#5147 = EDGE_CURVE('',#5140,#5140,#5148,.T.);
#5148 = CIRCLE('',#5149,7.);
#5149 = AXIS2_PLACEMENT_3D('',#5150,#5151,#5152);
#5150 = CARTESIAN_POINT('',(137.85,-113.5,14.51));
#5151 = DIRECTION('',(0.,0.,1.));
#5152 = DIRECTION('',(1.,0.,0.));
#5153 = ORIENTED_EDGE('',*,*,#5139,.F.);
#5154 = ORIENTED_EDGE('',*,*,#1558,.F.);
#5155 = CYLINDRICAL_SURFACE('',#5156,7.);
#5156 = AXIS2_PLACEMENT_3D('',#5157,#5158,#5159);
#5157 = CARTESIAN_POINT('',(137.85,-113.5,19.51));
#5158 = DIRECTION('',(0.,0.,1.));
#5159 = DIRECTION('',(1.,0.,0.));
#5160 = ADVANCED_FACE('',(#5161),#5180,.F.);
#5161 = FACE_BOUND('',#5162,.F.);
#5162 = EDGE_LOOP('',(#5163,#5172,#5178,#5179));
#5163 = ORIENTED_EDGE('',*,*,#5164,.F.);
#5164 = EDGE_CURVE('',#5165,#5165,#5167,.T.);
#5165 = VERTEX_POINT('',#5166);
#5166 = CARTESIAN_POINT('',(153.2,-110.9,10.095));
#5167 = CIRCLE('',#5168,1.5);
#5168 = AXIS2_PLACEMENT_3D('',#5169,#5170,#5171);
#5169 = CARTESIAN_POINT('',(151.7,-110.9,10.095));
#5170 = DIRECTION('',(0.,0.,-1.));
#5171 = DIRECTION('',(1.,0.,0.));
#5172 = ORIENTED_EDGE('',*,*,#5173,.T.);
#5173 = EDGE_CURVE('',#5165,#1570,#5174,.T.);
#5174 = LINE('',#5175,#5176);
#5175 = CARTESIAN_POINT('',(153.2,-110.9,5.095));
#5176 = VECTOR('',#5177,1.);
#5177 = DIRECTION('',(0.,0.,1.));
#5178 = ORIENTED_EDGE('',*,*,#1569,.T.);
#5179 = ORIENTED_EDGE('',*,*,#5173,.F.);
#5180 = CYLINDRICAL_SURFACE('',#5181,1.5);
#5181 = AXIS2_PLACEMENT_3D('',#5182,#5183,#5184);
#5182 = CARTESIAN_POINT('',(151.7,-110.9,5.095));
#5183 = DIRECTION('',(0.,0.,-1.));
#5184 = DIRECTION('',(1.,0.,0.));
#5185 = ADVANCED_FACE('',(#5186),#5202,.F.);
#5186 = FACE_BOUND('',#5187,.F.);
#5187 = EDGE_LOOP('',(#5188,#5189,#5195,#5196));
#5188 = ORIENTED_EDGE('',*,*,#1591,.F.);
#5189 = ORIENTED_EDGE('',*,*,#5190,.T.);
#5190 = EDGE_CURVE('',#1592,#1915,#5191,.T.);
#5191 = LINE('',#5192,#5193);
#5192 = CARTESIAN_POINT('',(130.22960937243,-84.03898600648,19.51));
#5193 = VECTOR('',#5194,1.);
#5194 = DIRECTION('',(-0.,-0.,-1.));
#5195 = ORIENTED_EDGE('',*,*,#1914,.T.);
#5196 = ORIENTED_EDGE('',*,*,#5197,.F.);
#5197 = EDGE_CURVE('',#1594,#1917,#5198,.T.);
#5198 = LINE('',#5199,#5200);
#5199 = CARTESIAN_POINT('',(130.22960937243,-92.44898600648,19.51));
#5200 = VECTOR('',#5201,1.);
#5201 = DIRECTION('',(-0.,-0.,-1.));
#5202 = PLANE('',#5203);
#5203 = AXIS2_PLACEMENT_3D('',#5204,#5205,#5206);
#5204 = CARTESIAN_POINT('',(130.22960937243,-84.03898600648,19.51));
#5205 = DIRECTION('',(-1.,0.,0.));
#5206 = DIRECTION('',(0.,-1.,0.));
#5207 = ADVANCED_FACE('',(#5208),#5219,.F.);
#5208 = FACE_BOUND('',#5209,.F.);
#5209 = EDGE_LOOP('',(#5210,#5211,#5212,#5213));
#5210 = ORIENTED_EDGE('',*,*,#1652,.F.);
#5211 = ORIENTED_EDGE('',*,*,#5197,.T.);
#5212 = ORIENTED_EDGE('',*,*,#1975,.T.);
#5213 = ORIENTED_EDGE('',*,*,#5214,.F.);
#5214 = EDGE_CURVE('',#1645,#1968,#5215,.T.);
#5215 = LINE('',#5216,#5217);
#5216 = CARTESIAN_POINT('',(132.22960937243,-94.44898600648,19.51));
#5217 = VECTOR('',#5218,1.);
#5218 = DIRECTION('',(-0.,-0.,-1.));
#5219 = CYLINDRICAL_SURFACE('',#5220,2.);
#5220 = AXIS2_PLACEMENT_3D('',#5221,#5222,#5223);
#5221 = CARTESIAN_POINT('',(132.22960937243,-92.44898600648,19.51));
#5222 = DIRECTION('',(0.,0.,1.));
#5223 = DIRECTION('',(1.,0.,0.));
#5224 = ADVANCED_FACE('',(#5225),#5236,.F.);
#5225 = FACE_BOUND('',#5226,.F.);
#5226 = EDGE_LOOP('',(#5227,#5228,#5229,#5230));
#5227 = ORIENTED_EDGE('',*,*,#1644,.F.);
#5228 = ORIENTED_EDGE('',*,*,#5214,.T.);
#5229 = ORIENTED_EDGE('',*,*,#1967,.T.);
#5230 = ORIENTED_EDGE('',*,*,#5231,.F.);
#5231 = EDGE_CURVE('',#1636,#1959,#5232,.T.);
#5232 = LINE('',#5233,#5234);
#5233 = CARTESIAN_POINT('',(150.66960937243,-94.44898600648,19.51));
#5234 = VECTOR('',#5235,1.);
#5235 = DIRECTION('',(-0.,-0.,-1.));
#5236 = PLANE('',#5237);
#5237 = AXIS2_PLACEMENT_3D('',#5238,#5239,#5240);
#5238 = CARTESIAN_POINT('',(132.22960937243,-94.44898600648,19.51));
#5239 = DIRECTION('',(0.,-1.,0.));
#5240 = DIRECTION('',(1.,0.,0.));
#5241 = ADVANCED_FACE('',(#5242),#5253,.F.);
#5242 = FACE_BOUND('',#5243,.F.);
#5243 = EDGE_LOOP('',(#5244,#5245,#5246,#5247));
#5244 = ORIENTED_EDGE('',*,*,#1635,.F.);
#5245 = ORIENTED_EDGE('',*,*,#5231,.T.);
#5246 = ORIENTED_EDGE('',*,*,#1958,.T.);
#5247 = ORIENTED_EDGE('',*,*,#5248,.F.);
#5248 = EDGE_CURVE('',#1628,#1951,#5249,.T.);
#5249 = LINE('',#5250,#5251);
#5250 = CARTESIAN_POINT('',(152.66960937243,-92.44898600648,19.51));
#5251 = VECTOR('',#5252,1.);
#5252 = DIRECTION('',(-0.,-0.,-1.));
#5253 = CYLINDRICAL_SURFACE('',#5254,2.);
#5254 = AXIS2_PLACEMENT_3D('',#5255,#5256,#5257);
#5255 = CARTESIAN_POINT('',(150.66960937243,-92.44898600648,19.51));
#5256 = DIRECTION('',(0.,0.,1.));
#5257 = DIRECTION('',(1.,0.,0.));
#5258 = ADVANCED_FACE('',(#5259),#5270,.F.);
#5259 = FACE_BOUND('',#5260,.F.);
#5260 = EDGE_LOOP('',(#5261,#5262,#5263,#5264));
#5261 = ORIENTED_EDGE('',*,*,#1627,.F.);
#5262 = ORIENTED_EDGE('',*,*,#5248,.T.);
#5263 = ORIENTED_EDGE('',*,*,#1950,.T.);
#5264 = ORIENTED_EDGE('',*,*,#5265,.F.);
#5265 = EDGE_CURVE('',#1619,#1942,#5266,.T.);
#5266 = LINE('',#5267,#5268);
#5267 = CARTESIAN_POINT('',(152.66960937243,-84.03898600648,19.51));
#5268 = VECTOR('',#5269,1.);
#5269 = DIRECTION('',(-0.,-0.,-1.));
#5270 = PLANE('',#5271);
#5271 = AXIS2_PLACEMENT_3D('',#5272,#5273,#5274);
#5272 = CARTESIAN_POINT('',(152.66960937243,-92.44898600648,19.51));
#5273 = DIRECTION('',(1.,0.,0.));
#5274 = DIRECTION('',(0.,1.,0.));
#5275 = ADVANCED_FACE('',(#5276),#5287,.F.);
#5276 = FACE_BOUND('',#5277,.F.);
#5277 = EDGE_LOOP('',(#5278,#5279,#5280,#5281));
#5278 = ORIENTED_EDGE('',*,*,#1618,.F.);
#5279 = ORIENTED_EDGE('',*,*,#5265,.T.);
#5280 = ORIENTED_EDGE('',*,*,#1941,.T.);
#5281 = ORIENTED_EDGE('',*,*,#5282,.F.);
#5282 = EDGE_CURVE('',#1611,#1934,#5283,.T.);
#5283 = LINE('',#5284,#5285);
#5284 = CARTESIAN_POINT('',(150.66960937243,-82.03898600648,19.51));
#5285 = VECTOR('',#5286,1.);
#5286 = DIRECTION('',(-0.,-0.,-1.));
#5287 = CYLINDRICAL_SURFACE('',#5288,2.);
#5288 = AXIS2_PLACEMENT_3D('',#5289,#5290,#5291);
#5289 = CARTESIAN_POINT('',(150.66960937243,-84.03898600648,19.51));
#5290 = DIRECTION('',(0.,0.,1.));
#5291 = DIRECTION('',(1.,0.,0.));
#5292 = ADVANCED_FACE('',(#5293),#5304,.F.);
#5293 = FACE_BOUND('',#5294,.F.);
#5294 = EDGE_LOOP('',(#5295,#5296,#5297,#5298));
#5295 = ORIENTED_EDGE('',*,*,#1610,.F.);
#5296 = ORIENTED_EDGE('',*,*,#5282,.T.);
#5297 = ORIENTED_EDGE('',*,*,#1933,.T.);
#5298 = ORIENTED_EDGE('',*,*,#5299,.F.);
#5299 = EDGE_CURVE('',#1602,#1925,#5300,.T.);
#5300 = LINE('',#5301,#5302);
#5301 = CARTESIAN_POINT('',(132.22960937243,-82.03898600648,19.51));
#5302 = VECTOR('',#5303,1.);
#5303 = DIRECTION('',(-0.,-0.,-1.));
#5304 = PLANE('',#5305);
#5305 = AXIS2_PLACEMENT_3D('',#5306,#5307,#5308);
#5306 = CARTESIAN_POINT('',(150.66960937243,-82.03898600648,19.51));
#5307 = DIRECTION('',(0.,1.,0.));
#5308 = DIRECTION('',(-1.,0.,0.));
#5309 = ADVANCED_FACE('',(#5310),#5316,.F.);
#5310 = FACE_BOUND('',#5311,.F.);
#5311 = EDGE_LOOP('',(#5312,#5313,#5314,#5315));
#5312 = ORIENTED_EDGE('',*,*,#1601,.F.);
#5313 = ORIENTED_EDGE('',*,*,#5299,.T.);
#5314 = ORIENTED_EDGE('',*,*,#1924,.T.);
#5315 = ORIENTED_EDGE('',*,*,#5190,.F.);
#5316 = CYLINDRICAL_SURFACE('',#5317,2.);
#5317 = AXIS2_PLACEMENT_3D('',#5318,#5319,#5320);
#5318 = CARTESIAN_POINT('',(132.22960937243,-84.03898600648,19.51));
#5319 = DIRECTION('',(0.,0.,1.));
#5320 = DIRECTION('',(1.,0.,0.));
#5321 = ADVANCED_FACE('',(#5322),#5341,.F.);
#5322 = FACE_BOUND('',#5323,.F.);
#5323 = EDGE_LOOP('',(#5324,#5333,#5339,#5340));
#5324 = ORIENTED_EDGE('',*,*,#5325,.F.);
#5325 = EDGE_CURVE('',#5326,#5326,#5328,.T.);
#5326 = VERTEX_POINT('',#5327);
#5327 = CARTESIAN_POINT('',(143.2,-71.7,10.095));
#5328 = CIRCLE('',#5329,1.5);
#5329 = AXIS2_PLACEMENT_3D('',#5330,#5331,#5332);
#5330 = CARTESIAN_POINT('',(141.7,-71.7,10.095));
#5331 = DIRECTION('',(0.,0.,-1.));
#5332 = DIRECTION('',(1.,0.,0.));
#5333 = ORIENTED_EDGE('',*,*,#5334,.T.);
#5334 = EDGE_CURVE('',#5326,#1662,#5335,.T.);
#5335 = LINE('',#5336,#5337);
#5336 = CARTESIAN_POINT('',(143.2,-71.7,5.095));
#5337 = VECTOR('',#5338,1.);
#5338 = DIRECTION('',(0.,0.,1.));
#5339 = ORIENTED_EDGE('',*,*,#1661,.T.);
#5340 = ORIENTED_EDGE('',*,*,#5334,.F.);
#5341 = CYLINDRICAL_SURFACE('',#5342,1.5);
#5342 = AXIS2_PLACEMENT_3D('',#5343,#5344,#5345);
#5343 = CARTESIAN_POINT('',(141.7,-71.7,5.095));
#5344 = DIRECTION('',(0.,0.,-1.));
#5345 = DIRECTION('',(1.,0.,0.));
#5346 = ADVANCED_FACE('',(#5347),#5353,.T.);
#5347 = FACE_BOUND('',#5348,.T.);
#5348 = EDGE_LOOP('',(#5349,#5350,#5351,#5352));
#5349 = ORIENTED_EDGE('',*,*,#2352,.T.);
#5350 = ORIENTED_EDGE('',*,*,#4269,.T.);
#5351 = ORIENTED_EDGE('',*,*,#4252,.T.);
#5352 = ORIENTED_EDGE('',*,*,#4218,.T.);
#5353 = PLANE('',#5354);
#5354 = AXIS2_PLACEMENT_3D('',#5355,#5356,#5357);
#5355 = CARTESIAN_POINT('',(78.199999999996,-93.57499999999,15.51));
#5356 = DIRECTION('',(0.,0.,1.));
#5357 = DIRECTION('',(1.,0.,0.));
#5358 = ADVANCED_FACE('',(#5359),#5367,.F.);
#5359 = FACE_BOUND('',#5360,.T.);
#5360 = EDGE_LOOP('',(#5361,#5362,#5363,#5364,#5365,#5366));
#5361 = ORIENTED_EDGE('',*,*,#2703,.T.);
#5362 = ORIENTED_EDGE('',*,*,#2668,.T.);
#5363 = ORIENTED_EDGE('',*,*,#2627,.T.);
#5364 = ORIENTED_EDGE('',*,*,#2602,.T.);
#5365 = ORIENTED_EDGE('',*,*,#2578,.T.);
#5366 = ORIENTED_EDGE('',*,*,#2041,.T.);
#5367 = PLANE('',#5368);
#5368 = AXIS2_PLACEMENT_3D('',#5369,#5370,#5371);
#5369 = CARTESIAN_POINT('',(49.143888058312,-92.1,12.595));
#5370 = DIRECTION('',(0.,0.,1.));
#5371 = DIRECTION('',(1.,0.,0.));
#5372 = ADVANCED_FACE('',(#5373),#5379,.T.);
#5373 = FACE_BOUND('',#5374,.T.);
#5374 = EDGE_LOOP('',(#5375,#5376,#5377,#5378));
#5375 = ORIENTED_EDGE('',*,*,#2320,.T.);
#5376 = ORIENTED_EDGE('',*,*,#4375,.T.);
#5377 = ORIENTED_EDGE('',*,*,#4341,.T.);
#5378 = ORIENTED_EDGE('',*,*,#4319,.T.);
#5379 = PLANE('',#5380);
#5380 = AXIS2_PLACEMENT_3D('',#5381,#5382,#5383);
#5381 = CARTESIAN_POINT('',(78.199999999996,-93.57499999999,15.51));
#5382 = DIRECTION('',(0.,0.,1.));
#5383 = DIRECTION('',(1.,0.,0.));
#5384 = ADVANCED_FACE('',(#5385,#5399),#5402,.F.);
#5385 = FACE_BOUND('',#5386,.F.);
#5386 = EDGE_LOOP('',(#5387,#5388,#5389,#5396,#5397,#5398));
#5387 = ORIENTED_EDGE('',*,*,#2541,.F.);
#5388 = ORIENTED_EDGE('',*,*,#2064,.F.);
#5389 = ORIENTED_EDGE('',*,*,#5390,.F.);
#5390 = EDGE_CURVE('',#2460,#2065,#5391,.T.);
#5391 = CIRCLE('',#5392,4.00000042591);
#5392 = AXIS2_PLACEMENT_3D('',#5393,#5394,#5395);
#5393 = CARTESIAN_POINT('',(39.70000042591,-118.324999574,1.51));
#5394 = DIRECTION('',(0.,0.,-1.));
#5395 = DIRECTION('',(-1.0647753722E-07,-1.,-0.));
#5396 = ORIENTED_EDGE('',*,*,#2469,.F.);
#5397 = ORIENTED_EDGE('',*,*,#2428,.T.);
#5398 = ORIENTED_EDGE('',*,*,#2499,.F.);
#5399 = FACE_BOUND('',#5400,.F.);
#5400 = EDGE_LOOP('',(#5401));
#5401 = ORIENTED_EDGE('',*,*,#5082,.F.);
#5402 = PLANE('',#5403);
#5403 = AXIS2_PLACEMENT_3D('',#5404,#5405,#5406);
#5404 = CARTESIAN_POINT('',(95.706343072936,-93.82062546694,1.51));
#5405 = DIRECTION('',(0.,0.,1.));
#5406 = DIRECTION('',(1.,0.,0.));
#5407 = ADVANCED_FACE('',(#5408),#5414,.T.);
#5408 = FACE_BOUND('',#5409,.T.);
#5409 = EDGE_LOOP('',(#5410,#5411,#5412,#5413));
#5410 = ORIENTED_EDGE('',*,*,#2459,.T.);
#5411 = ORIENTED_EDGE('',*,*,#4439,.T.);
#5412 = ORIENTED_EDGE('',*,*,#2072,.F.);
#5413 = ORIENTED_EDGE('',*,*,#5390,.F.);
#5414 = CYLINDRICAL_SURFACE('',#5415,4.00000042591);
#5415 = AXIS2_PLACEMENT_3D('',#5416,#5417,#5418);
#5416 = CARTESIAN_POINT('',(39.70000042591,-118.324999574,1.51));
#5417 = DIRECTION('',(0.,0.,-1.));
#5418 = DIRECTION('',(-1.0647753722E-07,-1.,-0.));
#5419 = ADVANCED_FACE('',(#5420),#5426,.T.);
#5420 = FACE_BOUND('',#5421,.T.);
#5421 = EDGE_LOOP('',(#5422,#5423,#5424,#5425));
#5422 = ORIENTED_EDGE('',*,*,#2288,.T.);
#5423 = ORIENTED_EDGE('',*,*,#4546,.T.);
#5424 = ORIENTED_EDGE('',*,*,#4504,.T.);
#5425 = ORIENTED_EDGE('',*,*,#4465,.T.);
#5426 = PLANE('',#5427);
#5427 = AXIS2_PLACEMENT_3D('',#5428,#5429,#5430);
#5428 = CARTESIAN_POINT('',(78.199999999996,-93.57499999999,15.51));
#5429 = DIRECTION('',(0.,0.,1.));
#5430 = DIRECTION('',(1.,0.,0.));
#5431 = ADVANCED_FACE('',(#5432),#5438,.T.);
#5432 = FACE_BOUND('',#5433,.T.);
#5433 = EDGE_LOOP('',(#5434,#5435,#5436,#5437));
#5434 = ORIENTED_EDGE('',*,*,#2096,.T.);
#5435 = ORIENTED_EDGE('',*,*,#4521,.T.);
#5436 = ORIENTED_EDGE('',*,*,#4569,.T.);
#5437 = ORIENTED_EDGE('',*,*,#4618,.T.);
#5438 = PLANE('',#5439);
#5439 = AXIS2_PLACEMENT_3D('',#5440,#5441,#5442);
#5440 = CARTESIAN_POINT('',(78.199999999996,-93.57499999999,15.51));
#5441 = DIRECTION('',(0.,0.,1.));
#5442 = DIRECTION('',(1.,0.,0.));
#5443 = ADVANCED_FACE('',(#5444),#5450,.T.);
#5444 = FACE_BOUND('',#5445,.T.);
#5445 = EDGE_LOOP('',(#5446,#5447,#5448,#5449));
#5446 = ORIENTED_EDGE('',*,*,#2256,.T.);
#5447 = ORIENTED_EDGE('',*,*,#4724,.T.);
#5448 = ORIENTED_EDGE('',*,*,#4682,.T.);
#5449 = ORIENTED_EDGE('',*,*,#4643,.T.);
#5450 = PLANE('',#5451);
#5451 = AXIS2_PLACEMENT_3D('',#5452,#5453,#5454);
#5452 = CARTESIAN_POINT('',(78.199999999996,-93.57499999999,15.51));
#5453 = DIRECTION('',(0.,0.,1.));
#5454 = DIRECTION('',(1.,0.,0.));
#5455 = ADVANCED_FACE('',(#5456),#5462,.T.);
#5456 = FACE_BOUND('',#5457,.T.);
#5457 = EDGE_LOOP('',(#5458,#5459,#5460,#5461));
#5458 = ORIENTED_EDGE('',*,*,#2128,.T.);
#5459 = ORIENTED_EDGE('',*,*,#4699,.T.);
#5460 = ORIENTED_EDGE('',*,*,#4747,.T.);
#5461 = ORIENTED_EDGE('',*,*,#4796,.T.);
#5462 = PLANE('',#5463);
#5463 = AXIS2_PLACEMENT_3D('',#5464,#5465,#5466);
#5464 = CARTESIAN_POINT('',(78.199999999996,-93.57499999999,15.51));
#5465 = DIRECTION('',(0.,0.,1.));
#5466 = DIRECTION('',(1.,0.,0.));
#5467 = ADVANCED_FACE('',(#5468),#5474,.T.);
#5468 = FACE_BOUND('',#5469,.T.);
#5469 = EDGE_LOOP('',(#5470,#5471,#5472,#5473));
#5470 = ORIENTED_EDGE('',*,*,#2224,.T.);
#5471 = ORIENTED_EDGE('',*,*,#4902,.T.);
#5472 = ORIENTED_EDGE('',*,*,#4860,.T.);
#5473 = ORIENTED_EDGE('',*,*,#4821,.T.);
#5474 = PLANE('',#5475);
#5475 = AXIS2_PLACEMENT_3D('',#5476,#5477,#5478);
#5476 = CARTESIAN_POINT('',(78.199999999996,-93.57499999999,15.51));
#5477 = DIRECTION('',(0.,0.,1.));
#5478 = DIRECTION('',(1.,0.,0.));
#5479 = ADVANCED_FACE('',(#5480),#5486,.T.);
#5480 = FACE_BOUND('',#5481,.T.);
#5481 = EDGE_LOOP('',(#5482,#5483,#5484,#5485));
#5482 = ORIENTED_EDGE('',*,*,#2160,.T.);
#5483 = ORIENTED_EDGE('',*,*,#4877,.T.);
#5484 = ORIENTED_EDGE('',*,*,#4925,.T.);
#5485 = ORIENTED_EDGE('',*,*,#4974,.T.);
#5486 = PLANE('',#5487);
#5487 = AXIS2_PLACEMENT_3D('',#5488,#5489,#5490);
#5488 = CARTESIAN_POINT('',(78.199999999996,-93.57499999999,15.51));
#5489 = DIRECTION('',(0.,0.,1.));
#5490 = DIRECTION('',(1.,0.,0.));
#5491 = ADVANCED_FACE('',(#5492),#5498,.T.);
#5492 = FACE_BOUND('',#5493,.T.);
#5493 = EDGE_LOOP('',(#5494,#5495,#5496,#5497));
#5494 = ORIENTED_EDGE('',*,*,#2192,.T.);
#5495 = ORIENTED_EDGE('',*,*,#5055,.T.);
#5496 = ORIENTED_EDGE('',*,*,#5038,.T.);
#5497 = ORIENTED_EDGE('',*,*,#4999,.T.);
#5498 = PLANE('',#5499);
#5499 = AXIS2_PLACEMENT_3D('',#5500,#5501,#5502);
#5500 = CARTESIAN_POINT('',(78.199999999996,-93.57499999999,15.51));
#5501 = DIRECTION('',(0.,0.,1.));
#5502 = DIRECTION('',(1.,0.,0.));
#5503 = ADVANCED_FACE('',(#5504),#5514,.F.);
#5504 = FACE_BOUND('',#5505,.F.);
#5505 = EDGE_LOOP('',(#5506,#5507,#5508,#5509,#5510,#5511,#5512,#5513));
#5506 = ORIENTED_EDGE('',*,*,#2838,.T.);
#5507 = ORIENTED_EDGE('',*,*,#2789,.T.);
#5508 = ORIENTED_EDGE('',*,*,#2740,.T.);
#5509 = ORIENTED_EDGE('',*,*,#2772,.T.);
#5510 = ORIENTED_EDGE('',*,*,#2820,.T.);
#5511 = ORIENTED_EDGE('',*,*,#2870,.T.);
#5512 = ORIENTED_EDGE('',*,*,#2911,.T.);
#5513 = ORIENTED_EDGE('',*,*,#2887,.T.);
#5514 = PLANE('',#5515);
#5515 = AXIS2_PLACEMENT_3D('',#5516,#5517,#5518);
#5516 = CARTESIAN_POINT('',(75.30786,-102.965,3.362));
#5517 = DIRECTION('',(-9.E-17,2.2E-16,1.));
#5518 = DIRECTION('',(9.E-17,1.,-2.2E-16));
#5519 = ADVANCED_FACE('',(#5520),#5530,.F.);
#5520 = FACE_BOUND('',#5521,.F.);
#5521 = EDGE_LOOP('',(#5522,#5523,#5524,#5525,#5526,#5527,#5528,#5529));
#5522 = ORIENTED_EDGE('',*,*,#3090,.T.);
#5523 = ORIENTED_EDGE('',*,*,#3108,.T.);
#5524 = ORIENTED_EDGE('',*,*,#2936,.T.);
#5525 = ORIENTED_EDGE('',*,*,#2968,.T.);
#5526 = ORIENTED_EDGE('',*,*,#2992,.T.);
#5527 = ORIENTED_EDGE('',*,*,#3017,.T.);
#5528 = ORIENTED_EDGE('',*,*,#3041,.T.);
#5529 = ORIENTED_EDGE('',*,*,#3066,.T.);
#5530 = PLANE('',#5531);
#5531 = AXIS2_PLACEMENT_3D('',#5532,#5533,#5534);
#5532 = CARTESIAN_POINT('',(97.112499,-102.7901,2.908));
#5533 = DIRECTION('',(0.,0.,1.));
#5534 = DIRECTION('',(0.,1.,0.));
#5535 = ADVANCED_FACE('',(#5536,#5539),#5542,.F.);
#5536 = FACE_BOUND('',#5537,.F.);
#5537 = EDGE_LOOP('',(#5538));
#5538 = ORIENTED_EDGE('',*,*,#3131,.F.);
#5539 = FACE_BOUND('',#5540,.F.);
#5540 = EDGE_LOOP('',(#5541));
#5541 = ORIENTED_EDGE('',*,*,#5114,.T.);
#5542 = PLANE('',#5543);
#5543 = AXIS2_PLACEMENT_3D('',#5544,#5545,#5546);
#5544 = CARTESIAN_POINT('',(139.7,-97.83333333333,10.095));
#5545 = DIRECTION('',(0.,0.,1.));
#5546 = DIRECTION('',(1.,0.,0.));
#5547 = ADVANCED_FACE('',(#5548,#5558),#5569,.F.);
#5548 = FACE_BOUND('',#5549,.F.);
#5549 = EDGE_LOOP('',(#5550,#5551,#5552,#5553,#5554,#5555,#5556,#5557));
#5550 = ORIENTED_EDGE('',*,*,#3205,.F.);
#5551 = ORIENTED_EDGE('',*,*,#3156,.F.);
#5552 = ORIENTED_EDGE('',*,*,#3188,.F.);
#5553 = ORIENTED_EDGE('',*,*,#3236,.F.);
#5554 = ORIENTED_EDGE('',*,*,#3286,.F.);
#5555 = ORIENTED_EDGE('',*,*,#3327,.F.);
#5556 = ORIENTED_EDGE('',*,*,#3303,.F.);
#5557 = ORIENTED_EDGE('',*,*,#3254,.F.);
#5558 = FACE_BOUND('',#5559,.F.);
#5559 = EDGE_LOOP('',(#5560));
#5560 = ORIENTED_EDGE('',*,*,#5561,.T.);
#5561 = EDGE_CURVE('',#5562,#5562,#5564,.T.);
#5562 = VERTEX_POINT('',#5563);
#5563 = CARTESIAN_POINT('',(142.35,-113.5,6.995));
#5564 = CIRCLE('',#5565,4.5);
#5565 = AXIS2_PLACEMENT_3D('',#5566,#5567,#5568);
#5566 = CARTESIAN_POINT('',(137.85,-113.5,6.995));
#5567 = DIRECTION('',(0.,0.,-1.));
#5568 = DIRECTION('',(1.,0.,0.));
#5569 = PLANE('',#5570);
#5570 = AXIS2_PLACEMENT_3D('',#5571,#5572,#5573);
#5571 = CARTESIAN_POINT('',(137.85,-113.5,6.995));
#5572 = DIRECTION('',(0.,0.,1.));
#5573 = DIRECTION('',(1.,0.,0.));
#5574 = ADVANCED_FACE('',(#5575,#5578),#5581,.F.);
#5575 = FACE_BOUND('',#5576,.F.);
#5576 = EDGE_LOOP('',(#5577));
#5577 = ORIENTED_EDGE('',*,*,#3352,.F.);
#5578 = FACE_BOUND('',#5579,.F.);
#5579 = EDGE_LOOP('',(#5580));
#5580 = ORIENTED_EDGE('',*,*,#5164,.T.);
#5581 = PLANE('',#5582);
#5582 = AXIS2_PLACEMENT_3D('',#5583,#5584,#5585);
#5583 = CARTESIAN_POINT('',(139.7,-97.83333333333,10.095));
#5584 = DIRECTION('',(0.,0.,1.));
#5585 = DIRECTION('',(1.,0.,0.));
#5586 = ADVANCED_FACE('',(#5587),#5597,.F.);
#5587 = FACE_BOUND('',#5588,.F.);
#5588 = EDGE_LOOP('',(#5589,#5590,#5591,#5592,#5593,#5594,#5595,#5596));
#5589 = ORIENTED_EDGE('',*,*,#3514,.F.);
#5590 = ORIENTED_EDGE('',*,*,#3427,.F.);
#5591 = ORIENTED_EDGE('',*,*,#3378,.F.);
#5592 = ORIENTED_EDGE('',*,*,#3409,.F.);
#5593 = ORIENTED_EDGE('',*,*,#3452,.F.);
#5594 = ORIENTED_EDGE('',*,*,#3898,.F.);
#5595 = ORIENTED_EDGE('',*,*,#3941,.F.);
#5596 = ORIENTED_EDGE('',*,*,#3916,.F.);
#5597 = PLANE('',#5598);
#5598 = AXIS2_PLACEMENT_3D('',#5599,#5600,#5601);
#5599 = CARTESIAN_POINT('',(98.85,-83.1,8.495));
#5600 = DIRECTION('',(0.,0.,1.));
#5601 = DIRECTION('',(-1.,0.,0.));
#5602 = ADVANCED_FACE('',(#5603),#5613,.F.);
#5603 = FACE_BOUND('',#5604,.F.);
#5604 = EDGE_LOOP('',(#5605,#5606,#5607,#5608,#5609,#5610,#5611,#5612));
#5605 = ORIENTED_EDGE('',*,*,#3757,.T.);
#5606 = ORIENTED_EDGE('',*,*,#3807,.T.);
#5607 = ORIENTED_EDGE('',*,*,#3848,.T.);
#5608 = ORIENTED_EDGE('',*,*,#3475,.T.);
#5609 = ORIENTED_EDGE('',*,*,#3561,.T.);
#5610 = ORIENTED_EDGE('',*,*,#3611,.T.);
#5611 = ORIENTED_EDGE('',*,*,#3659,.T.);
#5612 = ORIENTED_EDGE('',*,*,#3709,.T.);
#5613 = PLANE('',#5614);
#5614 = AXIS2_PLACEMENT_3D('',#5615,#5616,#5617);
#5615 = CARTESIAN_POINT('',(89.7844995,-88.8909985,2.825));
#5616 = DIRECTION('',(0.,0.,1.));
#5617 = DIRECTION('',(0.,-1.,0.));
#5618 = ADVANCED_FACE('',(#5619),#5623,.T.);
#5619 = FACE_BOUND('',#5620,.T.);
#5620 = EDGE_LOOP('',(#5621,#5622));
#5621 = ORIENTED_EDGE('',*,*,#3497,.F.);
#5622 = ORIENTED_EDGE('',*,*,#3874,.F.);
#5623 = PLANE('',#5624);
#5624 = AXIS2_PLACEMENT_3D('',#5625,#5626,#5627);
#5625 = CARTESIAN_POINT('',(99.391811655667,-89.97905853657,5.095));
#5626 = DIRECTION('',(0.,0.,1.));
#5627 = DIRECTION('',(1.,0.,0.));
#5628 = ADVANCED_FACE('',(#5629),#5639,.F.);
#5629 = FACE_BOUND('',#5630,.F.);
#5630 = EDGE_LOOP('',(#5631,#5632,#5633,#5634,#5635,#5636,#5637,#5638));
#5631 = ORIENTED_EDGE('',*,*,#3579,.T.);
#5632 = ORIENTED_EDGE('',*,*,#3530,.F.);
#5633 = ORIENTED_EDGE('',*,*,#3866,.T.);
#5634 = ORIENTED_EDGE('',*,*,#3824,.T.);
#5635 = ORIENTED_EDGE('',*,*,#3775,.T.);
#5636 = ORIENTED_EDGE('',*,*,#3726,.T.);
#5637 = ORIENTED_EDGE('',*,*,#3677,.T.);
#5638 = ORIENTED_EDGE('',*,*,#3628,.T.);
#5639 = PLANE('',#5640);
#5640 = AXIS2_PLACEMENT_3D('',#5641,#5642,#5643);
#5641 = CARTESIAN_POINT('',(89.7844995,-88.8909985,2.825));
#5642 = DIRECTION('',(0.,0.,1.));
#5643 = DIRECTION('',(0.,-1.,0.));
#5644 = ADVANCED_FACE('',(#5645),#5648,.T.);
#5645 = FACE_BOUND('',#5646,.T.);
#5646 = EDGE_LOOP('',(#5647));
#5647 = ORIENTED_EDGE('',*,*,#3966,.T.);
#5648 = PLANE('',#5649);
#5649 = AXIS2_PLACEMENT_3D('',#5650,#5651,#5652);
#5650 = CARTESIAN_POINT('',(71.25,-71.95,14.695));
#5651 = DIRECTION('',(0.,0.,-1.));
#5652 = DIRECTION('',(1.,-1.2E-16,0.));
#5653 = ADVANCED_FACE('',(#5654),#5664,.F.);
#5654 = FACE_BOUND('',#5655,.F.);
#5655 = EDGE_LOOP('',(#5656,#5657,#5658,#5659,#5660,#5661,#5662,#5663));
#5656 = ORIENTED_EDGE('',*,*,#4088,.T.);
#5657 = ORIENTED_EDGE('',*,*,#4039,.T.);
#5658 = ORIENTED_EDGE('',*,*,#3990,.T.);
#5659 = ORIENTED_EDGE('',*,*,#4022,.T.);
#5660 = ORIENTED_EDGE('',*,*,#4070,.T.);
#5661 = ORIENTED_EDGE('',*,*,#4120,.T.);
#5662 = ORIENTED_EDGE('',*,*,#4161,.T.);
#5663 = ORIENTED_EDGE('',*,*,#4137,.T.);
#5664 = PLANE('',#5665);
#5665 = AXIS2_PLACEMENT_3D('',#5666,#5667,#5668);
#5666 = CARTESIAN_POINT('',(120.6,-94.7,2.895));
#5667 = DIRECTION('',(0.,0.,1.));
#5668 = DIRECTION('',(2.2E-16,-1.,0.));
#5669 = ADVANCED_FACE('',(#5670,#5673),#5676,.F.);
#5670 = FACE_BOUND('',#5671,.F.);
#5671 = EDGE_LOOP('',(#5672));
#5672 = ORIENTED_EDGE('',*,*,#4185,.F.);
#5673 = FACE_BOUND('',#5674,.F.);
#5674 = EDGE_LOOP('',(#5675));
#5675 = ORIENTED_EDGE('',*,*,#5325,.T.);
#5676 = PLANE('',#5677);
#5677 = AXIS2_PLACEMENT_3D('',#5678,#5679,#5680);
#5678 = CARTESIAN_POINT('',(139.7,-97.83333333333,10.095));
#5679 = DIRECTION('',(0.,0.,1.));
#5680 = DIRECTION('',(1.,0.,0.));
#5681 = ADVANCED_FACE('',(#5682,#5685),#5696,.T.);
#5682 = FACE_BOUND('',#5683,.T.);
#5683 = EDGE_LOOP('',(#5684));
#5684 = ORIENTED_EDGE('',*,*,#5147,.T.);
#5685 = FACE_BOUND('',#5686,.T.);
#5686 = EDGE_LOOP('',(#5687));
#5687 = ORIENTED_EDGE('',*,*,#5688,.T.);
#5688 = EDGE_CURVE('',#5689,#5689,#5691,.T.);
#5689 = VERTEX_POINT('',#5690);
#5690 = CARTESIAN_POINT('',(142.35,-113.5,14.51));
#5691 = CIRCLE('',#5692,4.5);
#5692 = AXIS2_PLACEMENT_3D('',#5693,#5694,#5695);
#5693 = CARTESIAN_POINT('',(137.85,-113.5,14.51));
#5694 = DIRECTION('',(0.,0.,-1.));
#5695 = DIRECTION('',(1.,0.,0.));
#5696 = PLANE('',#5697);
#5697 = AXIS2_PLACEMENT_3D('',#5698,#5699,#5700);
#5698 = CARTESIAN_POINT('',(137.85,-113.5,14.51));
#5699 = DIRECTION('',(0.,0.,1.));
#5700 = DIRECTION('',(1.,0.,0.));
#5701 = ADVANCED_FACE('',(#5702),#5713,.F.);
#5702 = FACE_BOUND('',#5703,.F.);
#5703 = EDGE_LOOP('',(#5704,#5710,#5711,#5712));
#5704 = ORIENTED_EDGE('',*,*,#5705,.F.);
#5705 = EDGE_CURVE('',#5562,#5689,#5706,.T.);
#5706 = LINE('',#5707,#5708);
#5707 = CARTESIAN_POINT('',(142.35,-113.5,5.095));
#5708 = VECTOR('',#5709,1.);
#5709 = DIRECTION('',(0.,0.,1.));
#5710 = ORIENTED_EDGE('',*,*,#5561,.F.);
#5711 = ORIENTED_EDGE('',*,*,#5705,.T.);
#5712 = ORIENTED_EDGE('',*,*,#5688,.T.);
#5713 = CYLINDRICAL_SURFACE('',#5714,4.5);
#5714 = AXIS2_PLACEMENT_3D('',#5715,#5716,#5717);
#5715 = CARTESIAN_POINT('',(137.85,-113.5,5.095));
#5716 = DIRECTION('',(0.,0.,-1.));
#5717 = DIRECTION('',(1.,0.,0.));
#5718 = ( GEOMETRIC_REPRESENTATION_CONTEXT(3) 
GLOBAL_UNCERTAINTY_ASSIGNED_CONTEXT((#5722)) 
GLOBAL_UNIT_ASSIGNED_CONTEXT((#5719,#5720,#5721)) REPRESENTATION_CONTEXT
('Context #1','3D Context with UNIT and UNCERTAINTY') );
#5719 = ( LENGTH_UNIT() NAMED_UNIT(*) SI_UNIT(.MILLI.,.METRE.) );
#5720 = ( NAMED_UNIT(*) PLANE_ANGLE_UNIT() SI_UNIT($,.RADIAN.) );
#5721 = ( NAMED_UNIT(*) SI_UNIT($,.STERADIAN.) SOLID_ANGLE_UNIT() );
#5722 = UNCERTAINTY_MEASURE_WITH_UNIT(LENGTH_MEASURE(2.E-06),#5719,
  'distance_accuracy_value','confusion accuracy');
#5723 = PRODUCT_RELATED_PRODUCT_CATEGORY('part',$,(#7));
#5724 = MECHANICAL_DESIGN_GEOMETRIC_PRESENTATION_REPRESENTATION('',(
    #5725),#5718);
#5725 = STYLED_ITEM('color',(#5726),#15);
#5726 = PRESENTATION_STYLE_ASSIGNMENT((#5727,#5733));
#5727 = SURFACE_STYLE_USAGE(.BOTH.,#5728);
#5728 = SURFACE_SIDE_STYLE('',(#5729));
#5729 = SURFACE_STYLE_FILL_AREA(#5730);
#5730 = FILL_AREA_STYLE('',(#5731));
#5731 = FILL_AREA_STYLE_COLOUR('',#5732);
#5732 = COLOUR_RGB('',0.447058818107,0.474509808674,0.501960817233);
#5733 = CURVE_STYLE('',#5734,POSITIVE_LENGTH_MEASURE(0.1),#5735);
#5734 = DRAUGHTING_PRE_DEFINED_CURVE_FONT('continuous');
#5735 = COLOUR_RGB('',9.803921802644E-02,9.803921802644E-02,
  9.803921802644E-02);
ENDSEC;
END-ISO-10303-21;
